deviation_id,product_id,batch_id,plant_id,deviation_type,severity,root_cause_code,capa_status,reported_date,closed_date
DEV000001,PROD00394,BATCH001010,PLANT04,Labeling Error,Major,RC005,Open,2024-09-06,
DEV000002,PROD00415,BATCH001459,PLANT04,Equipment Malfunction,Minor,RC010,Open,2024-07-02,
DEV000003,PROD00603,BATCH001220,PLANT04,Contamination,Critical,RC014,Closed,2024-05-01,2024-06-07
DEV000004,PROD00854,BATCH001455,PLANT03,Out-of-Specification (OOS),Minor,RC005,Closed,2023-07-24,2023-07-29
DEV000005,PROD00520,BATCH000322,PLANT04,Documentation Error,Minor,RC016,Open,2025-04-17,
DEV000006,PROD00286,BATCH001185,PLANT05,Documentation Error,Minor,RC001,Closed,2023-06-01,2023-07-01
DEV000007,PROD00963,BATCH000938,PLANT02,Documentation Error,Minor,RC018,Closed,2024-12-07,2025-01-10
DEV000008,PROD00574,BATCH001469,PLANT03,Documentation Error,Minor,RC002,Under Review,2023-08-26,
DEV000009,PROD00243,BATCH000665,PLANT03,Process Deviation,Major,RC019,Closed,2023-08-12,2023-08-20
DEV000010,PROD00051,BATCH001177,PLANT01,Contamination,Minor,RC022,Closed,2023-09-17,2023-10-19
DEV000011,PROD00114,BATCH000190,PLANT05,Labeling Error,Critical,RC005,Closed,2023-06-03,2023-07-09
DEV000012,PROD00169,BATCH001470,PLANT01,Process Deviation,Major,RC021,Open,2023-05-12,
DEV000013,PROD00516,BATCH000546,PLANT01,Contamination,Minor,RC022,Closed,2024-07-21,2024-08-18
DEV000014,PROD00400,BATCH000614,PLANT01,Equipment Malfunction,Major,RC018,Closed,2024-08-04,2024-09-17
DEV000015,PROD00466,BATCH001086,PLANT05,Contamination,Major,RC013,Closed,2024-02-28,2024-03-02
DEV000016,PROD00501,BATCH001179,PLANT02,Equipment Malfunction,Major,RC006,Closed,2023-08-20,2023-09-25
DEV000017,PROD00817,BATCH000627,PLANT05,Labeling Error,Major,RC012,Closed,2023-10-03,2023-10-25
DEV000018,PROD00884,BATCH000041,PLANT02,Contamination,Minor,RC001,Closed,2025-03-14,2025-04-03
DEV000019,PROD00906,BATCH000011,PLANT04,Labeling Error,Minor,RC005,Closed,2025-05-29,2025-06-05
DEV000020,PROD00146,BATCH001491,PLANT01,Labeling Error,Major,RC015,Closed,2024-02-11,2024-02-20
DEV000021,PROD00858,BATCH001353,PLANT03,Equipment Malfunction,Minor,RC002,Closed,2023-04-24,2023-05-10
DEV000022,PROD00123,BATCH000634,PLANT04,Labeling Error,Minor,RC018,Closed,2023-02-07,2023-03-17
DEV000023,PROD00130,BATCH000788,PLANT03,Temperature Excursion,Minor,RC017,Under Review,2023-12-05,
DEV000024,PROD00801,BATCH000696,PLANT02,Out-of-Specification (OOS),Major,RC009,Closed,2025-05-08,2025-05-13
DEV000025,PROD00864,BATCH001115,PLANT04,Contamination,Critical,RC011,Closed,2024-05-04,2024-05-23
DEV000026,PROD00499,BATCH000523,PLANT02,Labeling Error,Major,RC013,Closed,2023-11-03,2023-12-05
DEV000027,PROD00138,BATCH000830,PLANT01,Equipment Malfunction,Major,RC017,Closed,2025-06-07,2025-06-23
DEV000028,PROD00546,BATCH000481,PLANT03,Labeling Error,Major,RC010,Closed,2024-04-19,2024-05-19
DEV000029,PROD00072,BATCH001188,PLANT04,Process Deviation,Major,RC016,Closed,2024-07-19,2024-08-31
DEV000030,PROD00143,BATCH000317,PLANT04,Labeling Error,Minor,RC016,Closed,2024-08-17,2024-09-03
DEV000031,PROD00587,BATCH001320,PLANT05,Labeling Error,Minor,RC017,Open,2024-10-24,
DEV000032,PROD00250,BATCH000593,PLANT03,Labeling Error,Major,RC023,Under Review,2025-01-07,
DEV000033,PROD00034,BATCH001148,PLANT04,Contamination,Major,RC017,Closed,2024-04-14,2024-04-25
DEV000034,PROD00945,BATCH001031,PLANT02,Equipment Malfunction,Minor,RC011,Closed,2023-04-09,2023-04-30
DEV000035,PROD00940,BATCH001013,PLANT02,Equipment Malfunction,Minor,RC024,Closed,2023-09-23,2023-11-05
DEV000036,PROD00808,BATCH001468,PLANT01,Temperature Excursion,Major,RC004,Closed,2023-12-24,2023-12-31
DEV000037,PROD00487,BATCH000038,PLANT03,Documentation Error,Minor,RC020,Closed,2024-07-17,2024-08-13
DEV000038,PROD00769,BATCH001319,PLANT03,Documentation Error,Minor,RC004,Closed,2024-10-25,2024-11-13
DEV000039,PROD00699,BATCH000977,PLANT04,Documentation Error,Minor,RC024,Under Review,2025-02-03,
DEV000040,PROD00852,BATCH000500,PLANT04,Contamination,Minor,RC005,Closed,2024-10-28,2024-12-09
DEV000041,PROD00467,BATCH000980,PLANT04,Contamination,Minor,RC023,Closed,2023-07-31,2023-08-03
DEV000042,PROD00853,BATCH000814,PLANT02,Out-of-Specification (OOS),Minor,RC015,Closed,2025-01-02,2025-01-05
DEV000043,PROD00283,BATCH001365,PLANT05,Documentation Error,Minor,RC020,Closed,2024-07-01,2024-07-28
DEV000044,PROD00982,BATCH001308,PLANT04,Out-of-Specification (OOS),Minor,RC021,Closed,2024-03-27,2024-04-19
DEV000045,PROD00297,BATCH001380,PLANT05,Labeling Error,Major,RC005,Closed,2024-10-21,2024-11-14
DEV000046,PROD00512,BATCH000978,PLANT03,Contamination,Minor,RC020,Closed,2023-12-19,2024-01-18
DEV000047,PROD00626,BATCH000857,PLANT05,Contamination,Minor,RC023,Closed,2025-01-15,2025-01-21
DEV000048,PROD00378,BATCH000522,PLANT01,Equipment Malfunction,Minor,RC001,Closed,2023-03-24,2023-04-13
DEV000049,PROD00581,BATCH001172,PLANT04,Equipment Malfunction,Minor,RC006,Closed,2023-03-03,2023-03-22
DEV000050,PROD00806,BATCH000963,PLANT05,Process Deviation,Minor,RC018,Closed,2024-03-31,2024-04-17
DEV000051,PROD00842,BATCH000422,PLANT04,Process Deviation,Minor,RC007,Closed,2025-08-03,2025-08-21
DEV000052,PROD00240,BATCH000928,PLANT02,Process Deviation,Minor,RC005,Closed,2023-08-29,2023-10-09
DEV000053,PROD00469,BATCH001088,PLANT04,Contamination,Major,RC024,Closed,2024-06-19,2024-07-08
DEV000054,PROD00054,BATCH000093,PLANT05,Contamination,Critical,RC002,Closed,2024-11-09,2024-12-08
DEV000055,PROD00062,BATCH000659,PLANT03,Contamination,Minor,RC018,Closed,2025-04-05,2025-05-01
DEV000056,PROD00853,BATCH000509,PLANT02,Documentation Error,Minor,RC003,Closed,2025-03-20,2025-04-11
DEV000057,PROD00345,BATCH000562,PLANT02,Documentation Error,Minor,RC016,Closed,2024-09-29,2024-11-08
DEV000058,PROD00607,BATCH000304,PLANT02,Labeling Error,Minor,RC002,Closed,2025-01-18,2025-01-21
DEV000059,PROD00712,BATCH000719,PLANT04,Contamination,Minor,RC010,Open,2023-07-05,
DEV000060,PROD00180,BATCH000229,PLANT03,Process Deviation,Major,RC003,Closed,2024-06-04,2024-06-09
DEV000061,PROD00945,BATCH001153,PLANT02,Process Deviation,Critical,RC003,Closed,2024-01-12,2024-01-17
DEV000062,PROD00096,BATCH000205,PLANT05,Equipment Malfunction,Minor,RC012,Open,2025-03-24,
DEV000063,PROD00410,BATCH001102,PLANT02,Temperature Excursion,Minor,RC010,Closed,2023-06-16,2023-07-09
DEV000064,PROD00319,BATCH000931,PLANT01,Equipment Malfunction,Minor,RC017,Open,2024-11-08,
DEV000065,PROD00222,BATCH000252,PLANT04,Documentation Error,Major,RC016,Under Review,2024-02-25,
DEV000066,PROD00620,BATCH000868,PLANT04,Labeling Error,Major,RC001,Under Review,2023-02-04,
DEV000067,PROD00601,BATCH000260,PLANT03,Temperature Excursion,Major,RC018,Closed,2025-02-24,2025-03-07
DEV000068,PROD00619,BATCH001103,PLANT04,Labeling Error,Critical,RC007,Closed,2024-07-06,2024-08-07
DEV000069,PROD00383,BATCH001171,PLANT02,Documentation Error,Minor,RC013,Closed,2023-07-05,2023-07-20
DEV000070,PROD00637,BATCH000915,PLANT01,Process Deviation,Major,RC002,Closed,2023-12-12,2024-01-09
DEV000071,PROD00891,BATCH000628,PLANT04,Process Deviation,Major,RC013,Open,2025-04-23,
DEV000072,PROD00333,BATCH000905,PLANT05,Out-of-Specification (OOS),Minor,RC007,Under Review,2024-04-26,
DEV000073,PROD00586,BATCH000892,PLANT04,Equipment Malfunction,Major,RC012,Under Review,2023-04-14,
DEV000074,PROD00809,BATCH001494,PLANT04,Contamination,Minor,RC005,Under Review,2023-11-24,
DEV000075,PROD00916,BATCH000886,PLANT02,Out-of-Specification (OOS),Minor,RC010,Under Review,2024-02-15,
DEV000076,PROD00762,BATCH000871,PLANT05,Contamination,Minor,RC014,Closed,2024-05-09,2024-06-23
DEV000077,PROD00530,BATCH001422,PLANT04,Equipment Malfunction,Major,RC007,Closed,2023-11-01,2023-11-26
DEV000078,PROD00921,BATCH000820,PLANT01,Labeling Error,Major,RC003,Closed,2024-04-23,2024-05-27
DEV000079,PROD00382,BATCH000118,PLANT05,Equipment Malfunction,Minor,RC012,Under Review,2023-09-25,
DEV000080,PROD00089,BATCH001418,PLANT03,Documentation Error,Major,RC018,Under Review,2024-11-06,
DEV000081,PROD00882,BATCH001251,PLANT03,Temperature Excursion,Major,RC018,Closed,2023-01-29,2023-02-22
DEV000082,PROD00123,BATCH000168,PLANT04,Process Deviation,Critical,RC006,Under Review,2025-04-18,
DEV000083,PROD00462,BATCH001205,PLANT02,Labeling Error,Minor,RC011,Closed,2025-01-30,2025-02-06
DEV000084,PROD00851,BATCH000247,PLANT02,Process Deviation,Major,RC006,Under Review,2023-12-09,
DEV000085,PROD00999,BATCH001232,PLANT01,Out-of-Specification (OOS),Minor,RC009,Open,2023-12-12,
DEV000086,PROD00033,BATCH000389,PLANT01,Labeling Error,Minor,RC005,Open,2023-05-25,
DEV000087,PROD00756,BATCH000748,PLANT03,Contamination,Major,RC010,Under Review,2025-02-11,
DEV000088,PROD00623,BATCH000336,PLANT02,Documentation Error,Major,RC005,Closed,2024-01-25,2024-02-11
DEV000089,PROD00049,BATCH000780,PLANT02,Labeling Error,Minor,RC014,Closed,2023-08-17,2023-09-11
DEV000090,PROD00372,BATCH000519,PLANT02,Labeling Error,Minor,RC016,Closed,2025-05-23,2025-06-13
DEV000091,PROD00655,BATCH000259,PLANT05,Labeling Error,Major,RC013,Open,2023-10-29,
DEV000092,PROD00140,BATCH000702,PLANT03,Contamination,Minor,RC024,Under Review,2023-05-24,
DEV000093,PROD00265,BATCH001182,PLANT04,Equipment Malfunction,Major,RC001,Closed,2024-04-04,2024-04-25
DEV000094,PROD00999,BATCH001348,PLANT01,Out-of-Specification (OOS),Minor,RC002,Closed,2024-08-22,2024-10-06
DEV000095,PROD00957,BATCH001329,PLANT05,Temperature Excursion,Minor,RC006,Closed,2023-08-01,2023-09-08
DEV000096,PROD00112,BATCH001252,PLANT04,Process Deviation,Minor,RC013,Closed,2023-05-08,2023-06-17
DEV000097,PROD00641,BATCH000432,PLANT03,Documentation Error,Minor,RC014,Closed,2023-11-06,2023-11-16
DEV000098,PROD00242,BATCH000232,PLANT01,Contamination,Critical,RC002,Closed,2023-06-10,2023-07-21
DEV000099,PROD00958,BATCH000919,PLANT02,Equipment Malfunction,Minor,RC021,Closed,2024-12-19,2025-01-28
DEV000100,PROD00942,BATCH001428,PLANT01,Process Deviation,Minor,RC025,Closed,2023-05-28,2023-07-06
DEV000101,PROD00707,BATCH001187,PLANT05,Temperature Excursion,Major,RC012,Closed,2023-05-18,2023-06-04
DEV000102,PROD00596,BATCH001017,PLANT04,Labeling Error,Minor,RC025,Closed,2023-04-25,2023-05-05
DEV000103,PROD00774,BATCH000032,PLANT02,Temperature Excursion,Minor,RC015,Closed,2023-11-10,2023-11-29
DEV000104,PROD00391,BATCH001448,PLANT05,Contamination,Major,RC007,Closed,2025-05-23,2025-05-27
DEV000105,PROD00486,BATCH000728,PLANT03,Documentation Error,Major,RC020,Under Review,2025-03-26,
DEV000106,PROD00417,BATCH000862,PLANT01,Contamination,Minor,RC021,Closed,2023-07-19,2023-08-11
DEV000107,PROD00503,BATCH000917,PLANT05,Process Deviation,Minor,RC016,Under Review,2024-07-06,
DEV000108,PROD00669,BATCH000653,PLANT04,Labeling Error,Major,RC005,Under Review,2023-12-01,
DEV000109,PROD00877,BATCH001178,PLANT03,Equipment Malfunction,Major,RC006,Closed,2025-04-14,2025-05-27
DEV000110,PROD00661,BATCH000240,PLANT02,Equipment Malfunction,Critical,RC017,Closed,2024-11-21,2024-12-03
DEV000111,PROD00010,BATCH000054,PLANT04,Out-of-Specification (OOS),Minor,RC018,Closed,2025-06-23,2025-07-12
DEV000112,PROD00743,BATCH001287,PLANT02,Labeling Error,Critical,RC002,Closed,2024-03-19,2024-04-20
DEV000113,PROD00643,BATCH000768,PLANT02,Out-of-Specification (OOS),Minor,RC001,Open,2023-06-06,
DEV000114,PROD00408,BATCH001337,PLANT01,Labeling Error,Minor,RC013,Closed,2024-09-09,2024-10-23
DEV000115,PROD00760,BATCH000894,PLANT01,Documentation Error,Minor,RC006,Closed,2024-11-25,2024-12-11
DEV000116,PROD00863,BATCH000436,PLANT04,Documentation Error,Minor,RC015,Closed,2024-01-30,2024-02-14
DEV000117,PROD00996,BATCH001211,PLANT02,Out-of-Specification (OOS),Minor,RC017,Open,2024-02-08,
DEV000118,PROD00918,BATCH001336,PLANT01,Equipment Malfunction,Minor,RC020,Closed,2024-02-02,2024-03-07
DEV000119,PROD00570,BATCH001375,PLANT03,Process Deviation,Minor,RC022,Closed,2023-10-31,2023-12-11
DEV000120,PROD00923,BATCH000852,PLANT01,Documentation Error,Major,RC020,Closed,2024-06-09,2024-07-23
DEV000121,PROD00357,BATCH000994,PLANT03,Contamination,Major,RC004,Closed,2023-02-26,2023-03-13
DEV000122,PROD00806,BATCH000096,PLANT05,Temperature Excursion,Minor,RC022,Closed,2023-12-09,2023-12-29
DEV000123,PROD00699,BATCH001355,PLANT04,Process Deviation,Critical,RC015,Closed,2025-08-15,2025-09-01
DEV000124,PROD00186,BATCH000621,PLANT01,Contamination,Major,RC024,Closed,2023-05-15,2023-05-28
DEV000125,PROD00506,BATCH000569,PLANT02,Contamination,Major,RC012,Open,2024-02-03,
DEV000126,PROD00979,BATCH000913,PLANT02,Temperature Excursion,Minor,RC010,Closed,2025-07-27,2025-09-04
DEV000127,PROD00832,BATCH001497,PLANT03,Process Deviation,Major,RC016,Under Review,2023-04-09,
DEV000128,PROD00408,BATCH000986,PLANT01,Labeling Error,Minor,RC007,Closed,2024-05-23,2024-06-16
DEV000129,PROD00088,BATCH000228,PLANT01,Contamination,Major,RC025,Under Review,2025-04-15,
DEV000130,PROD00290,BATCH000557,PLANT01,Labeling Error,Minor,RC010,Open,2025-05-08,
DEV000131,PROD00402,BATCH000070,PLANT02,Equipment Malfunction,Major,RC014,Closed,2025-01-13,2025-02-09
DEV000132,PROD00145,BATCH001396,PLANT03,Contamination,Minor,RC002,Under Review,2023-07-01,
DEV000133,PROD00129,BATCH000923,PLANT01,Equipment Malfunction,Major,RC002,Open,2023-11-20,
DEV000134,PROD00840,BATCH000959,PLANT05,Temperature Excursion,Major,RC025,Closed,2025-03-20,2025-04-19
DEV000135,PROD00394,BATCH000114,PLANT04,Labeling Error,Critical,RC015,Closed,2024-02-17,2024-03-24
DEV000136,PROD00394,BATCH000277,PLANT04,Equipment Malfunction,Major,RC011,Closed,2024-08-06,2024-08-31
DEV000137,PROD00787,BATCH001414,PLANT01,Equipment Malfunction,Major,RC014,Closed,2023-10-24,2023-12-07
DEV000138,PROD00559,BATCH001464,PLANT04,Labeling Error,Minor,RC007,Open,2023-09-14,
DEV000139,PROD00097,BATCH000176,PLANT04,Process Deviation,Minor,RC024,Closed,2023-01-14,2023-02-10
DEV000140,PROD00412,BATCH000738,PLANT04,Out-of-Specification (OOS),Major,RC023,Closed,2025-07-12,2025-08-20
DEV000141,PROD00935,BATCH000755,PLANT04,Out-of-Specification (OOS),Minor,RC013,Closed,2023-07-11,2023-08-07
DEV000142,PROD00080,BATCH000578,PLANT03,Temperature Excursion,Minor,RC003,Closed,2024-04-26,2024-05-29
DEV000143,PROD00447,BATCH000525,PLANT04,Out-of-Specification (OOS),Major,RC018,Closed,2023-07-07,2023-07-26
DEV000144,PROD00449,BATCH001266,PLANT01,Labeling Error,Minor,RC011,Open,2024-10-04,
DEV000145,PROD00074,BATCH001359,PLANT03,Temperature Excursion,Major,RC010,Closed,2024-07-28,2024-08-06
DEV000146,PROD00779,BATCH000074,PLANT04,Out-of-Specification (OOS),Major,RC004,Closed,2023-02-17,2023-03-09
DEV000147,PROD00881,BATCH001311,PLANT02,Labeling Error,Minor,RC022,Closed,2024-03-20,2024-04-16
DEV000148,PROD00214,BATCH001272,PLANT01,Out-of-Specification (OOS),Major,RC013,Under Review,2023-02-17,
DEV000149,PROD00399,BATCH001276,PLANT05,Documentation Error,Major,RC001,Closed,2025-01-18,2025-03-04
DEV000150,PROD00295,BATCH001433,PLANT02,Labeling Error,Major,RC025,Under Review,2024-01-21,
DEV000151,PROD00080,BATCH000657,PLANT03,Equipment Malfunction,Major,RC015,Closed,2025-03-04,2025-04-18
DEV000152,PROD00866,BATCH000939,PLANT01,Process Deviation,Minor,RC021,Closed,2024-04-27,2024-05-26
DEV000153,PROD00472,BATCH000664,PLANT04,Labeling Error,Minor,RC018,Open,2024-12-23,
DEV000154,PROD00755,BATCH000271,PLANT04,Equipment Malfunction,Major,RC007,Closed,2023-05-22,2023-07-05
DEV000155,PROD00021,BATCH000759,PLANT01,Contamination,Minor,RC001,Closed,2025-07-10,2025-08-09
DEV000156,PROD00104,BATCH000798,PLANT05,Temperature Excursion,Minor,RC024,Closed,2023-05-08,2023-05-17
DEV000157,PROD00113,BATCH001291,PLANT04,Process Deviation,Minor,RC013,Closed,2024-02-05,2024-02-12
DEV000158,PROD00440,BATCH000444,PLANT04,Equipment Malfunction,Major,RC002,Closed,2023-10-10,2023-10-13
DEV000159,PROD00404,BATCH001005,PLANT04,Out-of-Specification (OOS),Minor,RC006,Closed,2024-09-03,2024-09-06
DEV000160,PROD00420,BATCH000530,PLANT01,Contamination,Minor,RC010,Closed,2023-03-03,2023-03-27
DEV000161,PROD00722,BATCH000548,PLANT05,Out-of-Specification (OOS),Major,RC013,Closed,2024-02-17,2024-04-01
DEV000162,PROD00856,BATCH001126,PLANT05,Labeling Error,Minor,RC021,Closed,2024-09-09,2024-09-24
DEV000163,PROD00337,BATCH000552,PLANT03,Equipment Malfunction,Major,RC011,Closed,2024-12-31,2025-01-22
DEV000164,PROD00447,BATCH000732,PLANT04,Process Deviation,Minor,RC025,Closed,2024-04-20,2024-05-13
DEV000165,PROD00644,BATCH000690,PLANT01,Process Deviation,Major,RC014,Closed,2025-05-11,2025-05-17
DEV000166,PROD00523,BATCH001383,PLANT04,Labeling Error,Minor,RC001,Open,2024-11-06,
DEV000167,PROD00427,BATCH000970,PLANT04,Out-of-Specification (OOS),Minor,RC015,Closed,2023-09-20,2023-10-17
DEV000168,PROD00315,BATCH000800,PLANT03,Temperature Excursion,Minor,RC010,Closed,2024-05-02,2024-05-05
DEV000169,PROD00785,BATCH000840,PLANT03,Contamination,Major,RC003,Closed,2024-01-25,2024-01-28
DEV000170,PROD00850,BATCH001404,PLANT04,Contamination,Minor,RC007,Under Review,2023-02-08,
DEV000171,PROD00984,BATCH000496,PLANT05,Out-of-Specification (OOS),Major,RC004,Under Review,2024-06-10,
DEV000172,PROD00912,BATCH000693,PLANT01,Contamination,Minor,RC002,Under Review,2023-07-21,
DEV000173,PROD00522,BATCH001371,PLANT04,Process Deviation,Minor,RC014,Closed,2024-03-14,2024-04-11
DEV000174,PROD00138,BATCH000377,PLANT01,Process Deviation,Minor,RC004,Open,2024-02-19,
DEV000175,PROD00584,BATCH000007,PLANT03,Labeling Error,Major,RC016,Closed,2025-02-06,2025-03-17
DEV000176,PROD00107,BATCH000684,PLANT04,Equipment Malfunction,Major,RC010,Closed,2025-07-14,2025-07-29
DEV000177,PROD00487,BATCH000055,PLANT03,Process Deviation,Minor,RC002,Closed,2024-05-11,2024-06-19
DEV000178,PROD00825,BATCH001158,PLANT05,Contamination,Major,RC005,Closed,2023-09-09,2023-10-21
DEV000179,PROD00168,BATCH000700,PLANT03,Documentation Error,Minor,RC022,Closed,2025-04-18,2025-05-23
DEV000180,PROD00687,BATCH000442,PLANT04,Labeling Error,Minor,RC019,Closed,2024-02-20,2024-03-13
DEV000181,PROD00091,BATCH000021,PLANT03,Documentation Error,Minor,RC007,Closed,2024-01-23,2024-02-27
DEV000182,PROD00485,BATCH000921,PLANT01,Process Deviation,Major,RC018,Closed,2025-05-07,2025-06-04
DEV000183,PROD00746,BATCH000329,PLANT01,Contamination,Critical,RC017,Closed,2023-12-19,2024-01-02
DEV000184,PROD00367,BATCH000964,PLANT01,Documentation Error,Minor,RC025,Under Review,2024-03-30,
DEV000185,PROD00993,BATCH001451,PLANT05,Equipment Malfunction,Major,RC009,Closed,2023-03-23,2023-04-23
DEV000186,PROD00586,BATCH000268,PLANT04,Temperature Excursion,Minor,RC007,Closed,2024-05-22,2024-07-01
DEV000187,PROD00905,BATCH001082,PLANT03,Labeling Error,Major,RC003,Closed,2024-06-28,2024-07-10
DEV000188,PROD00132,BATCH001281,PLANT02,Equipment Malfunction,Minor,RC018,Closed,2025-04-15,2025-05-21
DEV000189,PROD00075,BATCH000293,PLANT01,Documentation Error,Critical,RC025,Under Review,2023-11-30,
DEV000190,PROD00517,BATCH000973,PLANT05,Labeling Error,Major,RC004,Closed,2024-09-21,2024-11-01
DEV000191,PROD00568,BATCH000797,PLANT05,Contamination,Major,RC002,Closed,2023-07-07,2023-07-15
DEV000192,PROD00733,BATCH001452,PLANT05,Documentation Error,Major,RC007,Closed,2025-07-15,2025-08-27
DEV000193,PROD00317,BATCH000670,PLANT01,Process Deviation,Minor,RC008,Open,2024-11-25,
DEV000194,PROD00434,BATCH001040,PLANT03,Equipment Malfunction,Major,RC004,Under Review,2024-04-08,
DEV000195,PROD00330,BATCH001140,PLANT03,Temperature Excursion,Minor,RC024,Closed,2024-09-26,2024-10-03
DEV000196,PROD00644,BATCH001020,PLANT01,Out-of-Specification (OOS),Major,RC001,Closed,2023-11-28,2023-12-25
DEV000197,PROD00447,BATCH000124,PLANT04,Process Deviation,Minor,RC014,Closed,2025-04-15,2025-05-16
DEV000198,PROD00392,BATCH001138,PLANT03,Equipment Malfunction,Major,RC022,Closed,2025-03-02,2025-03-21
DEV000199,PROD00717,BATCH001191,PLANT03,Equipment Malfunction,Major,RC008,Open,2024-02-22,
DEV000200,PROD00050,BATCH000559,PLANT03,Contamination,Major,RC003,Closed,2024-02-17,2024-02-29
DEV000201,PROD00412,BATCH000323,PLANT04,Process Deviation,Critical,RC006,Under Review,2024-02-15,
DEV000202,PROD00778,BATCH000874,PLANT05,Process Deviation,Minor,RC020,Closed,2023-11-04,2023-12-11
DEV000203,PROD00574,BATCH000826,PLANT03,Labeling Error,Minor,RC014,Closed,2025-08-13,2025-09-12
DEV000204,PROD00136,BATCH000047,PLANT04,Out-of-Specification (OOS),Minor,RC003,Open,2024-09-20,
DEV000205,PROD00973,BATCH001473,PLANT02,Contamination,Major,RC013,Under Review,2023-05-12,
DEV000206,PROD00771,BATCH001332,PLANT04,Out-of-Specification (OOS),Minor,RC005,Open,2025-03-19,
DEV000207,PROD00839,BATCH001435,PLANT03,Contamination,Major,RC016,Closed,2023-03-07,2023-03-10
DEV000208,PROD00847,BATCH001250,PLANT04,Temperature Excursion,Major,RC024,Closed,2023-08-06,2023-08-10
DEV000209,PROD00931,BATCH001107,PLANT05,Labeling Error,Minor,RC020,Closed,2024-11-10,2024-11-30
DEV000210,PROD00546,BATCH000064,PLANT03,Labeling Error,Minor,RC016,Closed,2024-10-04,2024-11-13
DEV000211,PROD00670,BATCH000384,PLANT02,Equipment Malfunction,Minor,RC007,Closed,2024-06-09,2024-06-12
DEV000212,PROD00373,BATCH000952,PLANT02,Out-of-Specification (OOS),Minor,RC015,Closed,2025-04-16,2025-05-22
DEV000213,PROD00186,BATCH001401,PLANT01,Contamination,Minor,RC005,Closed,2025-05-24,2025-07-04
DEV000214,PROD00893,BATCH001430,PLANT04,Labeling Error,Critical,RC014,Closed,2023-03-19,2023-04-10
DEV000215,PROD00265,BATCH000542,PLANT04,Process Deviation,Minor,RC012,Closed,2023-02-22,2023-03-03
DEV000216,PROD00570,BATCH001108,PLANT03,Documentation Error,Critical,RC003,Under Review,2024-05-01,
DEV000217,PROD00819,BATCH000354,PLANT03,Equipment Malfunction,Minor,RC013,Closed,2025-06-17,2025-06-25
DEV000218,PROD00330,BATCH001229,PLANT03,Out-of-Specification (OOS),Minor,RC005,Closed,2024-10-22,2024-12-03
DEV000219,PROD00619,BATCH000585,PLANT04,Contamination,Major,RC016,Under Review,2023-03-19,
DEV000220,PROD00061,BATCH000403,PLANT02,Temperature Excursion,Major,RC006,Closed,2023-01-20,2023-02-28
DEV000221,PROD00060,BATCH000739,PLANT05,Process Deviation,Major,RC012,Closed,2023-11-20,2023-12-08
DEV000222,PROD00547,BATCH000095,PLANT01,Temperature Excursion,Minor,RC006,Closed,2025-03-15,2025-04-04
DEV000223,PROD00068,BATCH000116,PLANT03,Equipment Malfunction,Minor,RC011,Closed,2025-05-31,2025-07-13
DEV000224,PROD00910,BATCH000988,PLANT03,Contamination,Minor,RC009,Under Review,2024-12-12,
DEV000225,PROD00328,BATCH001236,PLANT03,Out-of-Specification (OOS),Critical,RC007,Closed,2024-06-20,2024-07-16
DEV000226,PROD00796,BATCH000816,PLANT05,Temperature Excursion,Major,RC008,Closed,2023-11-13,2023-12-09
DEV000227,PROD00744,BATCH000211,PLANT04,Documentation Error,Minor,RC001,Under Review,2023-08-02,
DEV000228,PROD00390,BATCH001426,PLANT01,Contamination,Minor,RC015,Closed,2023-08-12,2023-09-23
DEV000229,PROD00674,BATCH000727,PLANT05,Out-of-Specification (OOS),Minor,RC022,Under Review,2023-06-20,
DEV000230,PROD00716,BATCH000459,PLANT04,Documentation Error,Minor,RC005,Open,2024-02-16,
DEV000231,PROD00529,BATCH001460,PLANT03,Temperature Excursion,Major,RC016,Closed,2024-03-14,2024-04-22
DEV000232,PROD00881,BATCH001016,PLANT02,Temperature Excursion,Critical,RC006,Under Review,2024-01-09,
DEV000233,PROD00684,BATCH000957,PLANT02,Documentation Error,Major,RC012,Open,2025-06-11,
DEV000234,PROD00020,BATCH001077,PLANT05,Labeling Error,Minor,RC023,Open,2023-10-19,
DEV000235,PROD00219,BATCH001358,PLANT03,Equipment Malfunction,Critical,RC010,Closed,2024-05-09,2024-06-14
DEV000236,PROD00587,BATCH000286,PLANT05,Equipment Malfunction,Minor,RC022,Closed,2023-12-28,2024-01-18
DEV000237,PROD00551,BATCH000570,PLANT01,Documentation Error,Minor,RC012,Closed,2023-07-17,2023-08-13
DEV000238,PROD00759,BATCH001006,PLANT05,Process Deviation,Minor,RC024,Closed,2024-10-31,2024-11-14
DEV000239,PROD00119,BATCH000218,PLANT02,Contamination,Major,RC006,Open,2023-05-18,
DEV000240,PROD00602,BATCH000861,PLANT01,Contamination,Major,RC013,Closed,2025-02-05,2025-03-12
DEV000241,PROD00113,BATCH000590,PLANT04,Temperature Excursion,Minor,RC022,Closed,2024-03-08,2024-04-03
DEV000242,PROD00046,BATCH001156,PLANT04,Labeling Error,Major,RC014,Closed,2025-01-21,2025-02-05
DEV000243,PROD00717,BATCH000133,PLANT03,Equipment Malfunction,Minor,RC007,Closed,2023-04-17,2023-04-21
DEV000244,PROD00834,BATCH001201,PLANT02,Labeling Error,Minor,RC025,Closed,2023-01-18,2023-02-18
DEV000245,PROD00236,BATCH001441,PLANT05,Out-of-Specification (OOS),Critical,RC010,Closed,2024-09-21,2024-09-30
DEV000246,PROD00221,BATCH001345,PLANT03,Out-of-Specification (OOS),Minor,RC023,Closed,2025-08-07,2025-08-31
DEV000247,PROD00798,BATCH000396,PLANT01,Documentation Error,Major,RC003,Closed,2024-08-28,2024-09-26
DEV000248,PROD00946,BATCH000878,PLANT01,Process Deviation,Major,RC016,Under Review,2024-04-30,
DEV000249,PROD00213,BATCH001192,PLANT01,Documentation Error,Minor,RC018,Closed,2024-01-07,2024-01-31
DEV000250,PROD00946,BATCH001325,PLANT01,Out-of-Specification (OOS),Minor,RC005,Closed,2024-03-31,2024-04-07
DEV000251,PROD00928,BATCH000045,PLANT03,Labeling Error,Major,RC013,Closed,2025-03-12,2025-03-29
DEV000252,PROD00371,BATCH000965,PLANT01,Out-of-Specification (OOS),Minor,RC021,Closed,2025-04-12,2025-05-08
DEV000253,PROD00538,BATCH000356,PLANT05,Temperature Excursion,Major,RC011,Closed,2024-02-07,2024-03-05
DEV000254,PROD00236,BATCH000703,PLANT05,Contamination,Minor,RC006,Closed,2023-08-15,2023-09-07
DEV000255,PROD00906,BATCH001244,PLANT04,Labeling Error,Minor,RC009,Open,2023-08-25,
DEV000256,PROD00009,BATCH000361,PLANT03,Out-of-Specification (OOS),Critical,RC019,Closed,2024-06-24,2024-07-14
DEV000257,PROD00081,BATCH000706,PLANT03,Equipment Malfunction,Minor,RC002,Closed,2025-07-31,2025-08-27
DEV000258,PROD00959,BATCH001378,PLANT05,Labeling Error,Major,RC013,Open,2023-12-30,
DEV000259,PROD00139,BATCH000203,PLANT02,Contamination,Major,RC021,Under Review,2025-01-26,
DEV000260,PROD00436,BATCH000796,PLANT02,Temperature Excursion,Minor,RC013,Closed,2024-07-07,2024-07-26
DEV000261,PROD00656,BATCH000152,PLANT04,Process Deviation,Major,RC020,Closed,2025-03-09,2025-03-24
DEV000262,PROD00788,BATCH000715,PLANT05,Documentation Error,Critical,RC017,Open,2025-03-26,
DEV000263,PROD00351,BATCH000875,PLANT01,Labeling Error,Minor,RC017,Open,2023-08-16,
DEV000264,PROD00761,BATCH000976,PLANT05,Out-of-Specification (OOS),Minor,RC014,Closed,2025-07-22,2025-07-31
DEV000265,PROD00574,BATCH001486,PLANT03,Temperature Excursion,Minor,RC011,Closed,2025-01-15,2025-01-18
DEV000266,PROD00104,BATCH000127,PLANT05,Out-of-Specification (OOS),Minor,RC006,Under Review,2023-04-06,
DEV000267,PROD00856,BATCH000984,PLANT05,Contamination,Major,RC003,Closed,2024-08-21,2024-09-30
DEV000268,PROD00916,BATCH001044,PLANT02,Process Deviation,Minor,RC020,Closed,2024-03-12,2024-03-25
DEV000269,PROD00120,BATCH000291,PLANT03,Labeling Error,Critical,RC018,Closed,2024-06-08,2024-06-11
DEV000270,PROD00170,BATCH000427,PLANT03,Contamination,Major,RC017,Closed,2025-05-27,2025-07-02
DEV000271,PROD00025,BATCH000110,PLANT02,Equipment Malfunction,Minor,RC010,Open,2024-02-22,
DEV000272,PROD00890,BATCH001270,PLANT04,Labeling Error,Minor,RC008,Closed,2024-01-11,2024-01-27
DEV000273,PROD00913,BATCH001279,PLANT05,Labeling Error,Minor,RC018,Closed,2023-08-30,2023-10-04
DEV000274,PROD00992,BATCH000044,PLANT02,Out-of-Specification (OOS),Major,RC007,Closed,2023-08-05,2023-08-24
DEV000275,PROD00503,BATCH001073,PLANT05,Equipment Malfunction,Major,RC006,Open,2024-08-07,
DEV000276,PROD00339,BATCH000130,PLANT04,Labeling Error,Major,RC016,Under Review,2023-02-16,
DEV000277,PROD00387,BATCH001313,PLANT05,Out-of-Specification (OOS),Critical,RC025,Closed,2024-11-07,2024-12-15
DEV000278,PROD00855,BATCH001321,PLANT04,Labeling Error,Critical,RC002,Closed,2023-12-12,2023-12-19
DEV000279,PROD00948,BATCH000631,PLANT05,Labeling Error,Minor,RC025,Closed,2024-12-23,2025-01-14
DEV000280,PROD00782,BATCH001400,PLANT04,Process Deviation,Critical,RC011,Under Review,2023-08-25,
DEV000281,PROD00346,BATCH001363,PLANT04,Documentation Error,Minor,RC004,Closed,2023-12-06,2023-12-25
DEV000282,PROD00002,BATCH000290,PLANT05,Equipment Malfunction,Major,RC024,Closed,2024-11-25,2024-11-30
DEV000283,PROD00865,BATCH000428,PLANT01,Process Deviation,Minor,RC023,Closed,2023-04-28,2023-05-11
DEV000284,PROD00372,BATCH001234,PLANT02,Documentation Error,Critical,RC012,Open,2024-01-14,
DEV000285,PROD00941,BATCH001487,PLANT02,Contamination,Minor,RC002,Closed,2023-08-25,2023-09-16
DEV000286,PROD00288,BATCH000475,PLANT01,Documentation Error,Minor,RC017,Closed,2023-04-17,2023-04-26
DEV000287,PROD00634,BATCH000365,PLANT05,Temperature Excursion,Minor,RC008,Closed,2024-06-11,2024-06-15
DEV000288,PROD00658,BATCH001273,PLANT04,Process Deviation,Minor,RC003,Closed,2025-04-24,2025-05-17
DEV000289,PROD00731,BATCH001176,PLANT05,Out-of-Specification (OOS),Minor,RC014,Closed,2024-05-24,2024-07-05
DEV000290,PROD00622,BATCH000360,PLANT02,Temperature Excursion,Minor,RC012,Open,2025-06-22,
DEV000291,PROD00154,BATCH000571,PLANT05,Documentation Error,Major,RC003,Under Review,2025-03-23,
DEV000292,PROD00430,BATCH000577,PLANT05,Equipment Malfunction,Minor,RC012,Under Review,2025-04-11,
DEV000293,PROD00442,BATCH000201,PLANT03,Equipment Malfunction,Minor,RC003,Open,2023-01-21,
DEV000294,PROD00874,BATCH001131,PLANT02,Out-of-Specification (OOS),Minor,RC008,Closed,2023-04-11,2023-04-25
DEV000295,PROD00642,BATCH000008,PLANT03,Documentation Error,Minor,RC018,Under Review,2024-08-10,
DEV000296,PROD00284,BATCH000185,PLANT04,Documentation Error,Major,RC002,Open,2024-08-22,
DEV000297,PROD00789,BATCH000777,PLANT02,Process Deviation,Major,RC018,Open,2023-01-04,
DEV000298,PROD00889,BATCH001183,PLANT01,Equipment Malfunction,Minor,RC025,Closed,2024-10-30,2024-11-21
DEV000299,PROD00702,BATCH000722,PLANT05,Equipment Malfunction,Major,RC008,Closed,2024-09-04,2024-10-01
DEV000300,PROD00085,BATCH000242,PLANT04,Contamination,Minor,RC016,Open,2025-06-21,
DEV000301,PROD00678,BATCH001257,PLANT01,Labeling Error,Minor,RC002,Open,2024-09-16,
DEV000302,PROD00007,BATCH000358,PLANT02,Equipment Malfunction,Minor,RC007,Under Review,2024-01-21,
DEV000303,PROD00832,BATCH001173,PLANT03,Temperature Excursion,Minor,RC007,Under Review,2024-12-23,
DEV000304,PROD00484,BATCH000616,PLANT03,Contamination,Major,RC014,Open,2024-02-15,
DEV000305,PROD00471,BATCH001395,PLANT04,Equipment Malfunction,Minor,RC019,Closed,2025-06-03,2025-06-10
DEV000306,PROD00535,BATCH000539,PLANT03,Contamination,Minor,RC012,Closed,2024-03-05,2024-03-15
DEV000307,PROD00594,BATCH000081,PLANT05,Labeling Error,Critical,RC004,Open,2025-06-01,
DEV000308,PROD00951,BATCH000507,PLANT01,Equipment Malfunction,Major,RC015,Closed,2024-10-30,2024-11-10
DEV000309,PROD00192,BATCH000140,PLANT03,Out-of-Specification (OOS),Critical,RC005,Open,2024-04-25,
DEV000310,PROD00247,BATCH000220,PLANT05,Contamination,Minor,RC021,Under Review,2024-06-09,
DEV000311,PROD00614,BATCH001111,PLANT01,Labeling Error,Minor,RC011,Closed,2023-06-13,2023-07-26
DEV000312,PROD00872,BATCH000319,PLANT05,Documentation Error,Major,RC008,Closed,2025-04-01,2025-04-07
DEV000313,PROD00267,BATCH001134,PLANT04,Temperature Excursion,Minor,RC007,Under Review,2025-01-18,
DEV000314,PROD00889,BATCH000947,PLANT01,Temperature Excursion,Major,RC001,Closed,2023-07-22,2023-08-31
DEV000315,PROD00739,BATCH000194,PLANT05,Process Deviation,Minor,RC013,Open,2024-06-19,
DEV000316,PROD00890,BATCH001195,PLANT04,Temperature Excursion,Minor,RC023,Closed,2024-05-04,2024-06-07
DEV000317,PROD00762,BATCH000891,PLANT05,Labeling Error,Minor,RC013,Closed,2024-02-23,2024-03-12
DEV000318,PROD00743,BATCH001387,PLANT02,Out-of-Specification (OOS),Major,RC008,Open,2024-04-06,
DEV000319,PROD00198,BATCH001239,PLANT05,Temperature Excursion,Major,RC012,Closed,2023-01-14,2023-02-26
DEV000320,PROD00982,BATCH000197,PLANT04,Contamination,Major,RC010,Closed,2023-12-13,2024-01-03
DEV000321,PROD00880,BATCH000169,PLANT02,Process Deviation,Minor,RC021,Closed,2023-03-09,2023-03-18
DEV000322,PROD00955,BATCH000298,PLANT02,Documentation Error,Minor,RC004,Open,2023-03-19,
DEV000323,PROD00169,BATCH000057,PLANT01,Equipment Malfunction,Major,RC018,Under Review,2024-10-11,
DEV000324,PROD00984,BATCH000387,PLANT05,Labeling Error,Minor,RC020,Open,2024-03-05,
DEV000325,PROD00122,BATCH000473,PLANT05,Out-of-Specification (OOS),Minor,RC015,Under Review,2023-06-07,
DEV000326,PROD00475,BATCH001440,PLANT02,Labeling Error,Major,RC006,Open,2024-01-26,
DEV000327,PROD00476,BATCH000122,PLANT01,Contamination,Major,RC001,Closed,2025-08-14,2025-09-15
DEV000328,PROD00879,BATCH000753,PLANT04,Labeling Error,Minor,RC005,Closed,2023-07-06,2023-08-03
DEV000329,PROD00189,BATCH000789,PLANT02,Labeling Error,Critical,RC007,Closed,2023-05-19,2023-06-23
DEV000330,PROD00207,BATCH001213,PLANT02,Contamination,Minor,RC024,Closed,2025-04-12,2025-05-07
DEV000331,PROD00276,BATCH000887,PLANT03,Contamination,Major,RC006,Closed,2024-04-04,2024-05-17
DEV000332,PROD00966,BATCH000520,PLANT04,Equipment Malfunction,Minor,RC018,Open,2023-05-18,
DEV000333,PROD00415,BATCH000316,PLANT04,Equipment Malfunction,Major,RC013,Open,2023-06-11,
DEV000334,PROD00347,BATCH000445,PLANT05,Contamination,Minor,RC010,Closed,2024-02-11,2024-03-03
DEV000335,PROD00237,BATCH000595,PLANT05,Labeling Error,Critical,RC024,Closed,2024-04-15,2024-04-27
DEV000336,PROD00691,BATCH001481,PLANT01,Process Deviation,Critical,RC010,Open,2024-12-09,
DEV000337,PROD00861,BATCH001143,PLANT04,Temperature Excursion,Major,RC012,Closed,2024-05-21,2024-06-11
DEV000338,PROD00686,BATCH000426,PLANT02,Equipment Malfunction,Minor,RC021,Under Review,2024-09-02,
DEV000339,PROD00905,BATCH000987,PLANT03,Contamination,Major,RC012,Under Review,2025-08-10,
DEV000340,PROD00161,BATCH001203,PLANT04,Contamination,Critical,RC009,Closed,2024-07-22,2024-08-14
DEV000341,PROD00302,BATCH000588,PLANT01,Process Deviation,Minor,RC014,Closed,2023-05-15,2023-05-26
DEV000342,PROD00866,BATCH000326,PLANT01,Out-of-Specification (OOS),Major,RC019,Open,2025-05-19,
DEV000343,PROD00327,BATCH001352,PLANT02,Temperature Excursion,Minor,RC021,Under Review,2023-03-27,
DEV000344,PROD00415,BATCH001026,PLANT04,Labeling Error,Minor,RC010,Open,2023-01-30,
DEV000345,PROD00917,BATCH000615,PLANT05,Out-of-Specification (OOS),Minor,RC001,Open,2025-04-05,
DEV000346,PROD00173,BATCH001309,PLANT05,Equipment Malfunction,Major,RC001,Closed,2025-02-04,2025-03-10
DEV000347,PROD00436,BATCH000497,PLANT02,Temperature Excursion,Minor,RC007,Closed,2024-06-27,2024-07-10
DEV000348,PROD00490,BATCH000971,PLANT03,Temperature Excursion,Major,RC015,Closed,2025-06-11,2025-06-26
DEV000349,PROD00992,BATCH000982,PLANT02,Process Deviation,Minor,RC019,Closed,2023-04-27,2023-05-11
DEV000350,PROD00703,BATCH000495,PLANT03,Contamination,Minor,RC022,Closed,2025-02-19,2025-02-26
DEV000351,PROD00778,BATCH001389,PLANT05,Documentation Error,Critical,RC015,Open,2023-07-11,
DEV000352,PROD00042,BATCH001127,PLANT05,Out-of-Specification (OOS),Minor,RC018,Open,2023-11-13,
DEV000353,PROD00511,BATCH001492,PLANT03,Documentation Error,Major,RC007,Closed,2023-05-14,2023-06-14
DEV000354,PROD00849,BATCH001230,PLANT02,Labeling Error,Critical,RC001,Closed,2025-02-28,2025-04-11
DEV000355,PROD00239,BATCH000499,PLANT05,Contamination,Major,RC012,Closed,2025-04-19,2025-05-29
DEV000356,PROD00895,BATCH000020,PLANT04,Documentation Error,Major,RC013,Under Review,2025-05-14,
DEV000357,PROD00334,BATCH000368,PLANT04,Out-of-Specification (OOS),Critical,RC016,Closed,2023-07-01,2023-07-30
DEV000358,PROD00232,BATCH001402,PLANT04,Out-of-Specification (OOS),Minor,RC006,Closed,2023-10-20,2023-11-27
DEV000359,PROD00905,BATCH001354,PLANT03,Process Deviation,Minor,RC012,Under Review,2025-03-26,
DEV000360,PROD00638,BATCH000280,PLANT05,Labeling Error,Major,RC010,Closed,2023-01-27,2023-02-03
DEV000361,PROD00218,BATCH000163,PLANT03,Process Deviation,Major,RC012,Closed,2023-07-20,2023-08-28
DEV000362,PROD00019,BATCH000930,PLANT02,Process Deviation,Major,RC006,Under Review,2025-05-24,
DEV000363,PROD00039,BATCH000419,PLANT03,Documentation Error,Minor,RC021,Closed,2025-02-15,2025-02-18
DEV000364,PROD00295,BATCH000153,PLANT02,Temperature Excursion,Minor,RC022,Closed,2025-06-01,2025-06-10
DEV000365,PROD00536,BATCH000822,PLANT04,Documentation Error,Minor,RC006,Closed,2023-03-29,2023-04-22
DEV000366,PROD00545,BATCH000325,PLANT03,Process Deviation,Major,RC011,Under Review,2024-02-09,
DEV000367,PROD00681,BATCH000733,PLANT05,Out-of-Specification (OOS),Critical,RC019,Open,2023-02-24,
DEV000368,PROD00950,BATCH001379,PLANT02,Temperature Excursion,Minor,RC007,Open,2023-06-29,
DEV000369,PROD00542,BATCH000676,PLANT03,Out-of-Specification (OOS),Major,RC007,Closed,2024-04-28,2024-05-03
DEV000370,PROD00222,BATCH001202,PLANT04,Contamination,Minor,RC001,Under Review,2023-05-17,
DEV000371,PROD00473,BATCH000406,PLANT05,Documentation Error,Major,RC017,Closed,2023-01-13,2023-01-19
DEV000372,PROD00463,BATCH000324,PLANT03,Labeling Error,Minor,RC016,Open,2024-01-29,
DEV000373,PROD00671,BATCH000870,PLANT04,Documentation Error,Major,RC003,Closed,2023-07-02,2023-08-11
DEV000374,PROD00118,BATCH000909,PLANT02,Equipment Malfunction,Major,RC011,Under Review,2023-03-14,
DEV000375,PROD00994,BATCH000299,PLANT05,Process Deviation,Minor,RC020,Closed,2023-07-25,2023-08-03
DEV000376,PROD00668,BATCH001264,PLANT05,Temperature Excursion,Critical,RC025,Under Review,2023-04-21,
DEV000377,PROD00215,BATCH000626,PLANT04,Equipment Malfunction,Major,RC019,Closed,2025-04-21,2025-05-11
DEV000378,PROD00294,BATCH001047,PLANT03,Documentation Error,Minor,RC014,Under Review,2023-08-16,
DEV000379,PROD00709,BATCH000504,PLANT03,Temperature Excursion,Minor,RC025,Closed,2024-02-10,2024-03-25
DEV000380,PROD00834,BATCH000955,PLANT02,Contamination,Minor,RC020,Closed,2023-11-30,2023-12-26
DEV000381,PROD00287,BATCH000295,PLANT05,Process Deviation,Minor,RC013,Closed,2023-01-26,2023-02-27
DEV000382,PROD00365,BATCH000809,PLANT05,Documentation Error,Major,RC007,Closed,2024-12-06,2024-12-23
DEV000383,PROD00459,BATCH000945,PLANT05,Documentation Error,Minor,RC002,Under Review,2024-07-29,
DEV000384,PROD00170,BATCH000999,PLANT03,Process Deviation,Minor,RC022,Closed,2025-03-06,2025-04-18
DEV000385,PROD00979,BATCH000493,PLANT02,Out-of-Specification (OOS),Minor,RC004,Closed,2023-09-27,2023-10-25
DEV000386,PROD00839,BATCH001045,PLANT03,Documentation Error,Minor,RC001,Open,2025-06-25,
DEV000387,PROD00167,BATCH001079,PLANT05,Out-of-Specification (OOS),Minor,RC019,Closed,2023-09-05,2023-10-19
DEV000388,PROD00333,BATCH000550,PLANT05,Equipment Malfunction,Major,RC024,Closed,2023-02-23,2023-04-02
DEV000389,PROD00858,BATCH001306,PLANT03,Temperature Excursion,Major,RC021,Open,2023-06-03,
DEV000390,PROD00439,BATCH000352,PLANT04,Out-of-Specification (OOS),Minor,RC022,Closed,2023-01-28,2023-03-02
DEV000391,PROD00223,BATCH001114,PLANT04,Contamination,Major,RC015,Closed,2023-05-07,2023-05-25
DEV000392,PROD00690,BATCH001386,PLANT03,Contamination,Minor,RC002,Closed,2024-04-25,2024-05-11
DEV000393,PROD00974,BATCH000907,PLANT04,Process Deviation,Critical,RC007,Closed,2024-07-21,2024-07-28
DEV000394,PROD00204,BATCH000340,PLANT03,Temperature Excursion,Major,RC016,Open,2025-05-09,
DEV000395,PROD00767,BATCH001038,PLANT03,Documentation Error,Minor,RC003,Closed,2025-05-03,2025-06-10
DEV000396,PROD00665,BATCH001117,PLANT02,Contamination,Minor,RC006,Closed,2023-02-28,2023-03-21
DEV000397,PROD00282,BATCH001217,PLANT02,Contamination,Minor,RC025,Closed,2023-01-10,2023-01-29
DEV000398,PROD00844,BATCH000527,PLANT04,Equipment Malfunction,Minor,RC011,Closed,2023-12-26,2024-01-17
DEV000399,PROD00328,BATCH001305,PLANT03,Out-of-Specification (OOS),Minor,RC007,Closed,2023-11-12,2023-12-11
DEV000400,PROD00135,BATCH000786,PLANT01,Process Deviation,Minor,RC019,Closed,2024-09-04,2024-10-02
DEV000401,PROD00027,BATCH000171,PLANT05,Contamination,Major,RC001,Closed,2023-12-04,2023-12-21
DEV000402,PROD00055,BATCH000107,PLANT05,Process Deviation,Major,RC009,Closed,2024-04-23,2024-06-06
DEV000403,PROD00194,BATCH000604,PLANT05,Equipment Malfunction,Minor,RC022,Closed,2023-08-25,2023-08-30
DEV000404,PROD00902,BATCH000037,PLANT04,Contamination,Minor,RC014,Closed,2024-12-07,2024-12-16
DEV000405,PROD00644,BATCH000908,PLANT01,Labeling Error,Major,RC009,Closed,2025-03-18,2025-03-24
DEV000406,PROD00835,BATCH000778,PLANT02,Equipment Malfunction,Major,RC022,Closed,2024-07-21,2024-09-01
DEV000407,PROD00123,BATCH000339,PLANT04,Out-of-Specification (OOS),Major,RC018,Closed,2025-07-07,2025-08-04
DEV000408,PROD00828,BATCH000773,PLANT04,Equipment Malfunction,Minor,RC009,Closed,2023-04-30,2023-05-30
DEV000409,PROD00910,BATCH000781,PLANT03,Out-of-Specification (OOS),Minor,RC007,Open,2024-01-08,
DEV000410,PROD00783,BATCH000643,PLANT04,Temperature Excursion,Major,RC023,Closed,2025-04-13,2025-04-21
DEV000411,PROD00923,BATCH000375,PLANT01,Contamination,Critical,RC025,Closed,2024-04-28,2024-05-13
DEV000412,PROD00070,BATCH001209,PLANT02,Process Deviation,Major,RC001,Closed,2024-06-22,2024-07-07
DEV000413,PROD00284,BATCH000206,PLANT04,Documentation Error,Minor,RC021,Closed,2023-06-26,2023-08-09
DEV000414,PROD00183,BATCH000649,PLANT04,Temperature Excursion,Major,RC021,Closed,2024-01-06,2024-01-23
DEV000415,PROD00501,BATCH000996,PLANT02,Contamination,Minor,RC006,Closed,2024-10-04,2024-11-07
DEV000416,PROD00411,BATCH000452,PLANT01,Process Deviation,Major,RC007,Closed,2025-03-17,2025-04-15
DEV000417,PROD00619,BATCH001137,PLANT04,Contamination,Major,RC023,Under Review,2024-07-17,
DEV000418,PROD00799,BATCH001053,PLANT03,Equipment Malfunction,Major,RC012,Closed,2024-09-11,2024-10-19
DEV000419,PROD00307,BATCH000103,PLANT02,Labeling Error,Major,RC012,Under Review,2023-02-02,
DEV000420,PROD00319,BATCH000289,PLANT01,Documentation Error,Minor,RC013,Closed,2023-10-15,2023-10-20
DEV000421,PROD00603,BATCH001498,PLANT04,Equipment Malfunction,Major,RC008,Open,2023-03-19,
DEV000422,PROD00921,BATCH000586,PLANT01,Out-of-Specification (OOS),Minor,RC013,Closed,2025-04-12,2025-05-15
DEV000423,PROD00579,BATCH000042,PLANT05,Temperature Excursion,Major,RC001,Closed,2025-04-01,2025-05-05
DEV000424,PROD00208,BATCH000541,PLANT02,Process Deviation,Minor,RC001,Closed,2025-04-18,2025-05-07
DEV000425,PROD00524,BATCH000159,PLANT04,Process Deviation,Minor,RC016,Closed,2024-05-14,2024-06-01
DEV000426,PROD00221,BATCH000017,PLANT03,Process Deviation,Minor,RC008,Open,2024-02-23,
DEV000427,PROD00114,BATCH000943,PLANT05,Process Deviation,Major,RC011,Closed,2024-05-04,2024-05-21
DEV000428,PROD00203,BATCH000210,PLANT02,Out-of-Specification (OOS),Major,RC005,Closed,2023-11-10,2023-11-16
DEV000429,PROD00978,BATCH000142,PLANT02,Process Deviation,Minor,RC014,Closed,2024-03-05,2024-04-18
DEV000430,PROD00693,BATCH000276,PLANT01,Temperature Excursion,Minor,RC025,Closed,2025-02-28,2025-04-09
DEV000431,PROD00403,BATCH000574,PLANT05,Documentation Error,Critical,RC025,Closed,2023-08-20,2023-09-01
DEV000432,PROD00603,BATCH000511,PLANT04,Documentation Error,Major,RC017,Open,2024-03-28,
DEV000433,PROD00905,BATCH001445,PLANT03,Labeling Error,Minor,RC014,Open,2023-02-05,
DEV000434,PROD00083,BATCH000935,PLANT05,Documentation Error,Critical,RC023,Closed,2025-04-16,2025-04-29
DEV000435,PROD00920,BATCH001278,PLANT04,Equipment Malfunction,Major,RC009,Closed,2023-03-27,2023-03-31
DEV000436,PROD00438,BATCH000369,PLANT02,Temperature Excursion,Major,RC003,Closed,2024-11-11,2024-11-19
DEV000437,PROD00487,BATCH000865,PLANT03,Temperature Excursion,Minor,RC004,Closed,2023-06-07,2023-06-10
DEV000438,PROD00716,BATCH000747,PLANT04,Process Deviation,Minor,RC014,Open,2023-04-27,
DEV000439,PROD00741,BATCH000897,PLANT01,Temperature Excursion,Minor,RC013,Closed,2024-04-03,2024-05-04
DEV000440,PROD00958,BATCH001439,PLANT02,Process Deviation,Major,RC018,Closed,2024-11-18,2024-12-19
DEV000441,PROD00761,BATCH000597,PLANT05,Documentation Error,Major,RC005,Closed,2024-05-03,2024-06-05
DEV000442,PROD00230,BATCH000811,PLANT03,Equipment Malfunction,Major,RC025,Closed,2025-04-21,2025-05-20
DEV000443,PROD00919,BATCH000455,PLANT03,Labeling Error,Minor,RC003,Closed,2023-03-12,2023-04-25
DEV000444,PROD00655,BATCH001472,PLANT05,Out-of-Specification (OOS),Major,RC014,Closed,2025-02-26,2025-04-06
DEV000445,PROD00069,BATCH000651,PLANT03,Equipment Malfunction,Major,RC019,Closed,2023-05-04,2023-05-25
DEV000446,PROD00666,BATCH000062,PLANT01,Contamination,Minor,RC023,Closed,2023-11-17,2023-12-04
DEV000447,PROD00647,BATCH000162,PLANT04,Labeling Error,Major,RC012,Closed,2023-02-05,2023-03-10
DEV000448,PROD00701,BATCH000430,PLANT05,Temperature Excursion,Minor,RC011,Closed,2025-02-16,2025-03-23
DEV000449,PROD00755,BATCH000758,PLANT04,Process Deviation,Minor,RC005,Closed,2025-01-25,2025-02-28
DEV000450,PROD00646,BATCH000429,PLANT03,Process Deviation,Minor,RC003,Closed,2024-10-14,2024-11-07
DEV000451,PROD00765,BATCH001225,PLANT05,Out-of-Specification (OOS),Minor,RC023,Under Review,2023-08-14,
DEV000452,PROD00051,BATCH001112,PLANT01,Process Deviation,Major,RC006,Closed,2024-11-11,2024-12-03
DEV000453,PROD00776,BATCH000063,PLANT04,Equipment Malfunction,Minor,RC009,Closed,2024-08-30,2024-09-26
DEV000454,PROD00055,BATCH000234,PLANT05,Temperature Excursion,Major,RC013,Closed,2023-08-07,2023-08-21
DEV000455,PROD00237,BATCH000663,PLANT05,Equipment Malfunction,Critical,RC017,Closed,2025-04-05,2025-04-17
DEV000456,PROD00147,BATCH000619,PLANT05,Process Deviation,Minor,RC003,Closed,2025-03-20,2025-04-29
DEV000457,PROD00735,BATCH000757,PLANT05,Documentation Error,Minor,RC014,Closed,2023-06-15,2023-06-18
DEV000458,PROD00035,BATCH001059,PLANT03,Temperature Excursion,Minor,RC017,Closed,2023-06-08,2023-07-18
DEV000459,PROD00980,BATCH001096,PLANT02,Temperature Excursion,Minor,RC006,Closed,2024-04-15,2024-05-19
DEV000460,PROD00714,BATCH000462,PLANT03,Equipment Malfunction,Minor,RC013,Closed,2025-07-06,2025-08-13
DEV000461,PROD00399,BATCH000188,PLANT05,Equipment Malfunction,Minor,RC025,Closed,2023-07-19,2023-07-29
DEV000462,PROD00092,BATCH000449,PLANT05,Contamination,Critical,RC001,Closed,2023-03-19,2023-04-28
DEV000463,PROD00114,BATCH001374,PLANT05,Documentation Error,Major,RC007,Closed,2024-01-03,2024-02-07
DEV000464,PROD00851,BATCH001424,PLANT02,Documentation Error,Major,RC002,Open,2025-03-15,
DEV000465,PROD00476,BATCH001228,PLANT01,Process Deviation,Minor,RC012,Closed,2024-01-03,2024-01-29
DEV000466,PROD00429,BATCH000135,PLANT05,Contamination,Minor,RC012,Open,2025-03-26,
DEV000467,PROD00437,BATCH001118,PLANT02,Process Deviation,Minor,RC021,Closed,2024-09-21,2024-10-13
DEV000468,PROD00584,BATCH000564,PLANT03,Labeling Error,Critical,RC016,Closed,2023-01-17,2023-01-20
DEV000469,PROD00214,BATCH000391,PLANT01,Out-of-Specification (OOS),Minor,RC002,Closed,2023-01-25,2023-01-28
DEV000470,PROD00004,BATCH000189,PLANT04,Contamination,Minor,RC023,Under Review,2024-04-24,
DEV000471,PROD00772,BATCH000924,PLANT03,Equipment Malfunction,Minor,RC013,Closed,2024-07-24,2024-08-14
DEV000472,PROD00679,BATCH000737,PLANT04,Contamination,Major,RC014,Closed,2025-01-01,2025-01-31
DEV000473,PROD00022,BATCH000850,PLANT02,Labeling Error,Minor,RC003,Under Review,2024-03-22,
DEV000474,PROD00455,BATCH001392,PLANT04,Out-of-Specification (OOS),Major,RC010,Closed,2023-04-04,2023-04-08
DEV000475,PROD00282,BATCH001024,PLANT02,Process Deviation,Minor,RC019,Closed,2025-06-29,2025-07-26
DEV000476,PROD00455,BATCH000478,PLANT04,Documentation Error,Minor,RC023,Closed,2025-04-04,2025-04-25
DEV000477,PROD00310,BATCH000014,PLANT03,Contamination,Minor,RC011,Under Review,2023-10-04,
DEV000478,PROD00898,BATCH001490,PLANT04,Contamination,Major,RC009,Closed,2023-04-10,2023-04-14
DEV000479,PROD00191,BATCH000967,PLANT03,Documentation Error,Minor,RC017,Closed,2023-11-03,2023-11-29
DEV000480,PROD00783,BATCH001099,PLANT04,Temperature Excursion,Major,RC019,Closed,2023-09-28,2023-11-10
DEV000481,PROD00553,BATCH000723,PLANT04,Labeling Error,Minor,RC023,Closed,2023-08-04,2023-08-31
DEV000482,PROD00737,BATCH000956,PLANT03,Contamination,Major,RC017,Open,2025-03-05,
DEV000483,PROD00818,BATCH000718,PLANT02,Equipment Malfunction,Minor,RC001,Open,2023-08-28,
DEV000484,PROD00715,BATCH001425,PLANT03,Temperature Excursion,Minor,RC009,Closed,2023-08-05,2023-08-22
DEV000485,PROD00538,BATCH001105,PLANT05,Out-of-Specification (OOS),Major,RC004,Open,2023-07-15,
DEV000486,PROD00646,BATCH000456,PLANT03,Out-of-Specification (OOS),Minor,RC002,Under Review,2024-07-22,
DEV000487,PROD00491,BATCH000219,PLANT03,Documentation Error,Major,RC020,Closed,2025-07-23,2025-09-02
DEV000488,PROD00389,BATCH000465,PLANT01,Documentation Error,Critical,RC003,Closed,2023-01-18,2023-02-08
DEV000489,PROD00460,BATCH001014,PLANT02,Temperature Excursion,Critical,RC023,Closed,2023-02-08,2023-02-23
DEV000490,PROD00809,BATCH001200,PLANT04,Process Deviation,Major,RC001,Closed,2023-09-29,2023-10-30
DEV000491,PROD00097,BATCH000854,PLANT04,Contamination,Minor,RC025,Closed,2025-01-04,2025-01-28
DEV000492,PROD00206,BATCH000610,PLANT02,Equipment Malfunction,Minor,RC007,Closed,2023-12-22,2024-01-09
DEV000493,PROD00393,BATCH001116,PLANT03,Documentation Error,Minor,RC003,Closed,2023-06-20,2023-07-26
DEV000494,PROD00707,BATCH000831,PLANT05,Out-of-Specification (OOS),Minor,RC004,Closed,2023-12-13,2023-12-22
DEV000495,PROD00892,BATCH001087,PLANT01,Contamination,Critical,RC016,Closed,2025-05-08,2025-06-09
DEV000496,PROD00051,BATCH000675,PLANT01,Labeling Error,Major,RC007,Closed,2024-01-27,2024-03-07
DEV000497,PROD00866,BATCH000046,PLANT01,Temperature Excursion,Major,RC013,Closed,2023-08-28,2023-09-08
DEV000498,PROD00298,BATCH000086,PLANT03,Process Deviation,Minor,RC011,Closed,2024-02-03,2024-02-11
DEV000499,PROD00949,BATCH001196,PLANT05,Equipment Malfunction,Major,RC001,Closed,2025-05-18,2025-06-27
DEV000500,PROD00321,BATCH001285,PLANT01,Labeling Error,Minor,RC006,Closed,2024-02-18,2024-03-08
DEV000501,PROD00042,BATCH000896,PLANT05,Temperature Excursion,Minor,RC024,Closed,2023-02-04,2023-02-24
DEV000502,PROD00210,BATCH000006,PLANT02,Out-of-Specification (OOS),Major,RC013,Open,2023-05-06,
DEV000503,PROD00806,BATCH000101,PLANT05,Documentation Error,Major,RC013,Closed,2024-08-26,2024-09-05
DEV000504,PROD00629,BATCH000677,PLANT05,Process Deviation,Minor,RC017,Closed,2025-08-05,2025-09-11
DEV000505,PROD00520,BATCH000903,PLANT04,Contamination,Major,RC001,Under Review,2025-08-10,
DEV000506,PROD00985,BATCH001022,PLANT03,Contamination,Minor,RC003,Closed,2025-06-29,2025-08-04
DEV000507,PROD00569,BATCH000297,PLANT03,Labeling Error,Minor,RC019,Open,2025-02-09,
DEV000508,PROD00718,BATCH000580,PLANT03,Temperature Excursion,Major,RC022,Closed,2023-04-13,2023-05-25
DEV000509,PROD00612,BATCH001362,PLANT05,Contamination,Minor,RC015,Closed,2024-03-25,2024-04-13
DEV000510,PROD00930,BATCH000424,PLANT04,Temperature Excursion,Minor,RC024,Closed,2023-04-13,2023-05-09
DEV000511,PROD00167,BATCH000161,PLANT05,Equipment Malfunction,Minor,RC011,Closed,2023-12-22,2024-01-20
DEV000512,PROD00759,BATCH000079,PLANT05,Documentation Error,Minor,RC009,Closed,2023-10-09,2023-11-22
DEV000513,PROD00412,BATCH000847,PLANT04,Out-of-Specification (OOS),Major,RC020,Closed,2024-12-13,2024-12-21
DEV000514,PROD00867,BATCH000819,PLANT01,Contamination,Major,RC008,Under Review,2025-05-09,
DEV000515,PROD00061,BATCH000565,PLANT02,Equipment Malfunction,Minor,RC014,Closed,2024-07-23,2024-08-30
DEV000516,PROD00334,BATCH000632,PLANT04,Process Deviation,Major,RC022,Under Review,2024-06-24,
DEV000517,PROD00469,BATCH001299,PLANT04,Temperature Excursion,Minor,RC016,Closed,2024-06-15,2024-07-29
DEV000518,PROD00689,BATCH001054,PLANT01,Labeling Error,Minor,RC001,Open,2023-03-03,
DEV000519,PROD00058,BATCH000942,PLANT04,Labeling Error,Major,RC020,Closed,2023-08-23,2023-10-06
DEV000520,PROD00267,BATCH001432,PLANT04,Contamination,Critical,RC015,Closed,2024-04-08,2024-05-01
DEV000521,PROD00855,BATCH000164,PLANT04,Contamination,Major,RC010,Under Review,2025-08-04,
DEV000522,PROD00620,BATCH001142,PLANT04,Equipment Malfunction,Major,RC016,Closed,2023-11-14,2023-12-02
DEV000523,PROD00047,BATCH000744,PLANT05,Contamination,Minor,RC014,Open,2023-06-26,
DEV000524,PROD00318,BATCH000694,PLANT04,Contamination,Minor,RC008,Closed,2023-11-04,2023-12-10
DEV000525,PROD00685,BATCH000918,PLANT04,Documentation Error,Major,RC004,Closed,2024-02-11,2024-03-10
DEV000526,PROD00179,BATCH001315,PLANT04,Documentation Error,Minor,RC014,Open,2023-07-10,
DEV000527,PROD00712,BATCH000016,PLANT04,Process Deviation,Minor,RC001,Closed,2023-10-09,2023-11-20
DEV000528,PROD00784,BATCH000001,PLANT02,Temperature Excursion,Major,RC009,Closed,2024-05-30,2024-06-27
DEV000529,PROD00231,BATCH001163,PLANT02,Out-of-Specification (OOS),Minor,RC013,Closed,2023-04-12,2023-04-16
DEV000530,PROD00625,BATCH000080,PLANT05,Out-of-Specification (OOS),Minor,RC019,Closed,2025-07-07,2025-07-25
DEV000531,PROD00833,BATCH000214,PLANT05,Documentation Error,Minor,RC015,Closed,2023-10-13,2023-10-22
DEV000532,PROD00830,BATCH000537,PLANT02,Labeling Error,Minor,RC003,Closed,2024-09-05,2024-10-12
DEV000533,PROD00428,BATCH001032,PLANT04,Process Deviation,Minor,RC009,Under Review,2023-06-29,
DEV000534,PROD00867,BATCH000343,PLANT01,Equipment Malfunction,Major,RC019,Closed,2023-04-20,2023-04-23
DEV000535,PROD00037,BATCH001458,PLANT01,Documentation Error,Major,RC011,Closed,2025-08-10,2025-09-04
DEV000536,PROD00072,BATCH000867,PLANT04,Contamination,Minor,RC020,Closed,2024-01-07,2024-02-01
DEV000537,PROD00982,BATCH000710,PLANT04,Equipment Malfunction,Major,RC007,Closed,2025-05-10,2025-05-15
DEV000538,PROD00547,BATCH000608,PLANT01,Temperature Excursion,Minor,RC010,Open,2024-05-23,
DEV000539,PROD00087,BATCH000437,PLANT03,Equipment Malfunction,Critical,RC021,Under Review,2024-06-09,
DEV000540,PROD00484,BATCH000949,PLANT03,Labeling Error,Major,RC015,Closed,2024-02-12,2024-03-03
DEV000541,PROD00579,BATCH000413,PLANT05,Labeling Error,Major,RC016,Closed,2023-07-15,2023-07-23
DEV000542,PROD00256,BATCH001324,PLANT03,Labeling Error,Major,RC008,Closed,2025-05-28,2025-07-06
DEV000543,PROD00838,BATCH000992,PLANT02,Contamination,Critical,RC020,Closed,2023-12-03,2023-12-27
DEV000544,PROD00207,BATCH001427,PLANT02,Equipment Malfunction,Minor,RC009,Under Review,2024-05-29,
DEV000545,PROD00337,BATCH000666,PLANT03,Contamination,Critical,RC003,Closed,2023-07-18,2023-08-18
DEV000546,PROD00625,BATCH000321,PLANT05,Labeling Error,Major,RC006,Under Review,2024-07-27,
DEV000547,PROD00748,BATCH000876,PLANT05,Equipment Malfunction,Major,RC010,Closed,2024-08-31,2024-09-26
DEV000548,PROD00742,BATCH000088,PLANT05,Equipment Malfunction,Minor,RC003,Open,2025-07-22,
DEV000549,PROD00909,BATCH000278,PLANT04,Documentation Error,Major,RC021,Closed,2024-08-17,2024-09-20
DEV000550,PROD00947,BATCH000256,PLANT04,Documentation Error,Minor,RC014,Closed,2023-09-17,2023-09-28
DEV000551,PROD00555,BATCH000350,PLANT03,Temperature Excursion,Minor,RC003,Closed,2023-12-22,2024-01-17
DEV000552,PROD00220,BATCH000556,PLANT01,Documentation Error,Major,RC018,Closed,2023-07-11,2023-07-17
DEV000553,PROD00951,BATCH000740,PLANT01,Contamination,Major,RC014,Closed,2025-08-02,2025-08-31
DEV000554,PROD00924,BATCH000043,PLANT01,Equipment Malfunction,Major,RC025,Closed,2023-11-01,2023-11-07
DEV000555,PROD00525,BATCH000855,PLANT04,Process Deviation,Minor,RC010,Closed,2025-06-21,2025-07-26
DEV000556,PROD00121,BATCH000284,PLANT03,Documentation Error,Minor,RC021,Closed,2025-07-25,2025-08-18
DEV000557,PROD00243,BATCH000849,PLANT03,Labeling Error,Major,RC014,Closed,2024-07-11,2024-08-04
DEV000558,PROD00973,BATCH000483,PLANT02,Labeling Error,Major,RC024,Closed,2023-02-22,2023-03-31
DEV000559,PROD00337,BATCH001003,PLANT03,Labeling Error,Critical,RC003,Open,2024-12-11,
DEV000560,PROD00846,BATCH000066,PLANT02,Temperature Excursion,Critical,RC015,Closed,2024-06-20,2024-07-25
DEV000561,PROD00569,BATCH001028,PLANT03,Labeling Error,Major,RC025,Closed,2023-07-03,2023-07-21
DEV000562,PROD00262,BATCH001210,PLANT04,Process Deviation,Minor,RC024,Closed,2024-10-21,2024-11-10
DEV000563,PROD00358,BATCH000729,PLANT02,Labeling Error,Major,RC005,Open,2023-04-02,
DEV000564,PROD00837,BATCH001104,PLANT02,Labeling Error,Critical,RC025,Closed,2025-08-02,2025-08-27
DEV000565,PROD00336,BATCH001398,PLANT01,Equipment Malfunction,Minor,RC013,Closed,2023-12-20,2024-01-14
DEV000566,PROD00362,BATCH000806,PLANT05,Labeling Error,Major,RC004,Open,2024-05-18,
DEV000567,PROD00413,BATCH000034,PLANT02,Out-of-Specification (OOS),Major,RC007,Closed,2024-12-18,2025-01-12
DEV000568,PROD00235,BATCH000311,PLANT02,Documentation Error,Major,RC008,Closed,2025-02-17,2025-03-13
DEV000569,PROD00439,BATCH000348,PLANT04,Contamination,Minor,RC025,Closed,2023-03-05,2023-03-25
DEV000570,PROD00707,BATCH001390,PLANT05,Out-of-Specification (OOS),Major,RC018,Closed,2024-01-15,2024-02-04
DEV000571,PROD00387,BATCH000085,PLANT05,Labeling Error,Minor,RC019,Closed,2025-03-18,2025-04-06
DEV000572,PROD00988,BATCH000916,PLANT03,Equipment Malfunction,Major,RC002,Closed,2023-11-16,2023-12-02
DEV000573,PROD00426,BATCH001129,PLANT01,Equipment Malfunction,Major,RC011,Closed,2025-03-13,2025-03-31
DEV000574,PROD00394,BATCH000765,PLANT04,Out-of-Specification (OOS),Minor,RC025,Closed,2024-09-29,2024-10-03
DEV000575,PROD00844,BATCH000249,PLANT04,Documentation Error,Critical,RC024,Closed,2023-07-24,2023-09-05
DEV000576,PROD00466,BATCH000072,PLANT05,Documentation Error,Minor,RC011,Closed,2024-09-01,2024-09-28
DEV000577,PROD00881,BATCH000725,PLANT02,Labeling Error,Minor,RC024,Closed,2024-10-03,2024-10-29
DEV000578,PROD00779,BATCH001066,PLANT04,Temperature Excursion,Major,RC012,Closed,2024-11-30,2025-01-04
DEV000579,PROD00917,BATCH001110,PLANT05,Process Deviation,Major,RC008,Closed,2025-04-18,2025-05-19
DEV000580,PROD00140,BATCH001413,PLANT03,Out-of-Specification (OOS),Minor,RC003,Closed,2023-09-08,2023-10-18
DEV000581,PROD00054,BATCH001124,PLANT05,Equipment Malfunction,Critical,RC017,Closed,2024-05-17,2024-06-11
DEV000582,PROD00067,BATCH000929,PLANT05,Process Deviation,Minor,RC006,Closed,2024-06-23,2024-07-24
DEV000583,PROD00815,BATCH000833,PLANT02,Equipment Malfunction,Major,RC019,Under Review,2024-06-02,
DEV000584,PROD00544,BATCH001091,PLANT02,Documentation Error,Major,RC017,Closed,2025-05-16,2025-06-20
DEV000585,PROD00033,BATCH000417,PLANT01,Out-of-Specification (OOS),Minor,RC020,Open,2023-10-05,
DEV000586,PROD00893,BATCH000060,PLANT04,Labeling Error,Major,RC025,Closed,2023-06-22,2023-07-18
DEV000587,PROD00795,BATCH000851,PLANT04,Out-of-Specification (OOS),Major,RC023,Closed,2025-03-06,2025-04-03
DEV000588,PROD00954,BATCH000155,PLANT03,Temperature Excursion,Major,RC006,Closed,2025-01-19,2025-02-09
DEV000589,PROD00705,BATCH000494,PLANT01,Labeling Error,Minor,RC007,Closed,2024-05-13,2024-06-09
DEV000590,PROD00081,BATCH000416,PLANT03,Out-of-Specification (OOS),Major,RC015,Closed,2024-08-27,2024-10-03
DEV000591,PROD00363,BATCH001259,PLANT02,Equipment Malfunction,Major,RC018,Closed,2024-04-08,2024-05-02
DEV000592,PROD00086,BATCH001333,PLANT05,Contamination,Minor,RC022,Closed,2024-02-09,2024-02-14
DEV000593,PROD00981,BATCH000196,PLANT03,Contamination,Major,RC019,Open,2024-07-28,
DEV000594,PROD00975,BATCH001162,PLANT02,Temperature Excursion,Minor,RC001,Under Review,2023-02-16,
DEV000595,PROD00177,BATCH000720,PLANT03,Process Deviation,Minor,RC016,Closed,2023-06-07,2023-06-26
DEV000596,PROD00571,BATCH000884,PLANT04,Documentation Error,Minor,RC009,Closed,2024-08-04,2024-08-09
DEV000597,PROD00996,BATCH000281,PLANT02,Contamination,Minor,RC004,Open,2024-10-24,
DEV000598,PROD00970,BATCH001275,PLANT01,Labeling Error,Major,RC022,Closed,2025-08-01,2025-09-07
DEV000599,PROD00856,BATCH000775,PLANT05,Documentation Error,Minor,RC007,Open,2023-06-18,
DEV000600,PROD00639,BATCH001193,PLANT04,Process Deviation,Major,RC021,Closed,2025-04-02,2025-04-16
DEV000601,PROD00017,BATCH001154,PLANT03,Out-of-Specification (OOS),Major,RC005,Closed,2024-01-22,2024-03-04
DEV000602,PROD00254,BATCH000622,PLANT01,Labeling Error,Major,RC013,Open,2024-03-08,
DEV000603,PROD00405,BATCH000448,PLANT03,Contamination,Minor,RC001,Closed,2023-06-13,2023-07-03
DEV000604,PROD00828,BATCH001218,PLANT04,Temperature Excursion,Minor,RC011,Closed,2025-06-03,2025-06-20
DEV000605,PROD00202,BATCH000051,PLANT03,Process Deviation,Minor,RC022,Closed,2024-11-14,2024-11-18
DEV000606,PROD00623,BATCH001294,PLANT02,Equipment Malfunction,Minor,RC013,Open,2023-02-01,
DEV000607,PROD00262,BATCH001463,PLANT04,Documentation Error,Minor,RC011,Closed,2024-10-23,2024-11-28
DEV000608,PROD00850,BATCH000263,PLANT04,Equipment Malfunction,Minor,RC016,Under Review,2024-10-10,
DEV000609,PROD00792,BATCH000515,PLANT05,Labeling Error,Minor,RC013,Open,2025-02-23,
DEV000610,PROD00190,BATCH000863,PLANT03,Process Deviation,Minor,RC010,Closed,2023-01-20,2023-01-25
DEV000611,PROD00216,BATCH000341,PLANT03,Documentation Error,Minor,RC016,Closed,2023-11-14,2023-12-29
DEV000612,PROD00649,BATCH000386,PLANT03,Contamination,Major,RC009,Closed,2025-01-21,2025-02-12
DEV000613,PROD00015,BATCH000154,PLANT02,Contamination,Minor,RC013,Closed,2024-03-21,2024-03-26
DEV000614,PROD00049,BATCH001135,PLANT02,Documentation Error,Minor,RC015,Closed,2024-05-18,2024-07-01
DEV000615,PROD00347,BATCH000484,PLANT05,Documentation Error,Minor,RC004,Closed,2023-06-07,2023-07-19
DEV000616,PROD00224,BATCH000359,PLANT02,Equipment Malfunction,Minor,RC020,Open,2025-01-03,
DEV000617,PROD00882,BATCH000009,PLANT03,Contamination,Major,RC018,Closed,2023-08-02,2023-08-21
DEV000618,PROD00068,BATCH000858,PLANT03,Equipment Malfunction,Minor,RC024,Closed,2023-03-02,2023-04-15
DEV000619,PROD00727,BATCH001141,PLANT04,Contamination,Major,RC022,Closed,2023-08-06,2023-08-26
DEV000620,PROD00832,BATCH000174,PLANT03,Labeling Error,Minor,RC025,Closed,2024-07-24,2024-08-30
DEV000621,PROD00729,BATCH000184,PLANT05,Documentation Error,Major,RC008,Closed,2023-08-30,2023-09-03
DEV000622,PROD00699,BATCH000318,PLANT04,Labeling Error,Major,RC024,Closed,2023-09-06,2023-09-29
DEV000623,PROD00474,BATCH000411,PLANT02,Equipment Malfunction,Major,RC001,Closed,2023-08-28,2023-10-08
DEV000624,PROD00266,BATCH000975,PLANT03,Process Deviation,Major,RC007,Closed,2024-01-02,2024-02-13
DEV000625,PROD00924,BATCH000776,PLANT01,Labeling Error,Major,RC011,Closed,2023-01-27,2023-03-05
DEV000626,PROD00621,BATCH000059,PLANT03,Process Deviation,Minor,RC011,Closed,2025-02-09,2025-02-14
DEV000627,PROD00196,BATCH000397,PLANT05,Equipment Malfunction,Minor,RC018,Closed,2024-01-08,2024-01-24
DEV000628,PROD00465,BATCH000605,PLANT04,Contamination,Major,RC001,Open,2023-05-17,
DEV000629,PROD00813,BATCH000270,PLANT05,Temperature Excursion,Minor,RC015,Closed,2024-04-05,2024-05-07
DEV000630,PROD00811,BATCH000679,PLANT05,Contamination,Major,RC023,Closed,2024-09-25,2024-11-06
DEV000631,PROD00201,BATCH000927,PLANT04,Documentation Error,Minor,RC011,Under Review,2024-07-21,
DEV000632,PROD00060,BATCH000709,PLANT05,Out-of-Specification (OOS),Major,RC021,Open,2025-04-17,
DEV000633,PROD00889,BATCH000513,PLANT01,Out-of-Specification (OOS),Major,RC017,Open,2024-12-30,
DEV000634,PROD00273,BATCH000425,PLANT04,Out-of-Specification (OOS),Critical,RC013,Open,2023-08-31,
DEV000635,PROD00516,BATCH000954,PLANT01,Process Deviation,Major,RC002,Closed,2023-08-17,2023-08-21
DEV000636,PROD00451,BATCH000113,PLANT04,Labeling Error,Minor,RC023,Closed,2025-01-15,2025-02-27
DEV000637,PROD00695,BATCH001149,PLANT03,Equipment Malfunction,Minor,RC012,Closed,2024-05-12,2024-05-20
DEV000638,PROD00682,BATCH001063,PLANT01,Temperature Excursion,Major,RC008,Open,2023-02-03,
DEV000639,PROD00356,BATCH000779,PLANT04,Labeling Error,Major,RC015,Closed,2025-06-05,2025-06-28
DEV000640,PROD00870,BATCH001122,PLANT02,Equipment Malfunction,Minor,RC004,Open,2023-11-23,
DEV000641,PROD00620,BATCH000346,PLANT04,Process Deviation,Minor,RC004,Closed,2025-05-12,2025-05-15
DEV000642,PROD00967,BATCH000265,PLANT03,Contamination,Critical,RC008,Under Review,2025-06-26,
DEV000643,PROD00012,BATCH000109,PLANT03,Temperature Excursion,Minor,RC014,Open,2023-06-06,
DEV000644,PROD00158,BATCH001233,PLANT01,Contamination,Minor,RC001,Closed,2023-08-30,2023-10-13
DEV000645,PROD00182,BATCH000531,PLANT02,Process Deviation,Minor,RC021,Closed,2023-06-25,2023-07-23
DEV000646,PROD00744,BATCH001283,PLANT04,Equipment Malfunction,Minor,RC008,Closed,2024-08-29,2024-09-20
DEV000647,PROD00143,BATCH001069,PLANT04,Out-of-Specification (OOS),Minor,RC018,Under Review,2024-12-18,
DEV000648,PROD00554,BATCH001241,PLANT02,Contamination,Minor,RC006,Closed,2023-06-13,2023-07-26
DEV000649,PROD00067,BATCH001500,PLANT05,Contamination,Critical,RC018,Closed,2024-07-16,2024-08-17
DEV000650,PROD00747,BATCH000112,PLANT01,Labeling Error,Minor,RC016,Closed,2024-08-12,2024-09-24
DEV000651,PROD00038,BATCH000813,PLANT05,Temperature Excursion,Minor,RC021,Closed,2023-02-24,2023-04-04
DEV000652,PROD00856,BATCH000119,PLANT05,Labeling Error,Minor,RC022,Open,2024-09-03,
DEV000653,PROD00550,BATCH000308,PLANT03,Labeling Error,Major,RC004,Closed,2023-04-27,2023-05-30
DEV000654,PROD00608,BATCH000576,PLANT04,Process Deviation,Minor,RC021,Closed,2024-09-05,2024-09-09
DEV000655,PROD00586,BATCH000572,PLANT04,Out-of-Specification (OOS),Minor,RC021,Closed,2024-10-20,2024-12-03
DEV000656,PROD00218,BATCH000808,PLANT03,Labeling Error,Major,RC024,Closed,2025-01-20,2025-02-16
DEV000657,PROD00773,BATCH000100,PLANT02,Equipment Malfunction,Major,RC016,Open,2024-07-23,
DEV000658,PROD00534,BATCH000392,PLANT02,Contamination,Minor,RC003,Closed,2023-06-11,2023-07-21
DEV000659,PROD00173,BATCH001027,PLANT05,Process Deviation,Critical,RC012,Closed,2023-11-16,2023-12-30
DEV000660,PROD00780,BATCH000378,PLANT03,Documentation Error,Major,RC017,Closed,2024-05-28,2024-06-14
DEV000661,PROD00064,BATCH001125,PLANT04,Documentation Error,Critical,RC022,Open,2024-03-10,
DEV000662,PROD00565,BATCH000022,PLANT03,Contamination,Minor,RC024,Closed,2023-06-10,2023-06-14
DEV000663,PROD00226,BATCH000078,PLANT01,Labeling Error,Major,RC014,Open,2025-04-14,
DEV000664,PROD00115,BATCH000582,PLANT05,Out-of-Specification (OOS),Major,RC007,Open,2024-04-01,
DEV000665,PROD00400,BATCH000512,PLANT01,Process Deviation,Minor,RC012,Under Review,2023-10-03,
DEV000666,PROD00843,BATCH000688,PLANT04,Temperature Excursion,Critical,RC009,Closed,2023-05-29,2023-06-14
DEV000667,PROD00438,BATCH000805,PLANT02,Temperature Excursion,Minor,RC002,Closed,2024-06-21,2024-07-09
DEV000668,PROD00922,BATCH001094,PLANT03,Labeling Error,Critical,RC008,Closed,2023-04-02,2023-05-14
DEV000669,PROD00806,BATCH000363,PLANT05,Labeling Error,Minor,RC023,Closed,2025-07-17,2025-08-07
DEV000670,PROD00216,BATCH000502,PLANT03,Equipment Malfunction,Major,RC016,Closed,2024-06-20,2024-07-02
DEV000671,PROD00276,BATCH001227,PLANT03,Contamination,Minor,RC010,Closed,2023-08-09,2023-09-20
DEV000672,PROD00916,BATCH001349,PLANT02,Documentation Error,Minor,RC008,Closed,2023-06-09,2023-06-24
DEV000673,PROD00954,BATCH000175,PLANT03,Process Deviation,Major,RC021,Closed,2023-11-21,2023-11-25
DEV000674,PROD00977,BATCH000412,PLANT01,Equipment Malfunction,Minor,RC006,Closed,2024-05-21,2024-06-14
DEV000675,PROD00451,BATCH001261,PLANT04,Process Deviation,Minor,RC009,Closed,2025-07-25,2025-07-30
DEV000676,PROD00112,BATCH000756,PLANT04,Documentation Error,Minor,RC007,Closed,2023-03-27,2023-04-23
DEV000677,PROD00417,BATCH001444,PLANT01,Documentation Error,Minor,RC004,Open,2023-08-17,
DEV000678,PROD00393,BATCH000968,PLANT03,Contamination,Minor,RC013,Closed,2023-06-18,2023-07-26
DEV000679,PROD00938,BATCH000334,PLANT01,Out-of-Specification (OOS),Minor,RC015,Closed,2023-07-16,2023-08-04
DEV000680,PROD00726,BATCH000048,PLANT04,Contamination,Minor,RC006,Closed,2025-07-15,2025-08-16
DEV000681,PROD00216,BATCH000269,PLANT03,Contamination,Minor,RC011,Closed,2025-05-05,2025-06-16
DEV000682,PROD00281,BATCH001289,PLANT02,Equipment Malfunction,Minor,RC003,Closed,2023-01-30,2023-02-13
DEV000683,PROD00462,BATCH000752,PLANT02,Temperature Excursion,Major,RC005,Open,2024-07-10,
DEV000684,PROD00328,BATCH001456,PLANT03,Temperature Excursion,Major,RC001,Closed,2024-06-12,2024-07-05
DEV000685,PROD00242,BATCH000094,PLANT01,Labeling Error,Minor,RC015,Closed,2025-04-17,2025-04-20
DEV000686,PROD00938,BATCH000307,PLANT01,Equipment Malfunction,Minor,RC014,Closed,2023-03-23,2023-04-28
DEV000687,PROD00549,BATCH001265,PLANT02,Temperature Excursion,Minor,RC018,Closed,2023-05-03,2023-06-08
DEV000688,PROD00294,BATCH001128,PLANT03,Contamination,Minor,RC016,Closed,2024-09-26,2024-10-10
DEV000689,PROD00764,BATCH000141,PLANT02,Temperature Excursion,Major,RC018,Closed,2024-03-18,2024-04-02
DEV000690,PROD00179,BATCH000640,PLANT04,Temperature Excursion,Minor,RC010,Closed,2023-10-27,2023-11-07
DEV000691,PROD00787,BATCH000267,PLANT01,Out-of-Specification (OOS),Minor,RC007,Closed,2023-09-28,2023-10-25
DEV000692,PROD00910,BATCH000785,PLANT03,Equipment Malfunction,Minor,RC023,Closed,2023-05-12,2023-06-03
DEV000693,PROD00913,BATCH000149,PLANT05,Out-of-Specification (OOS),Minor,RC004,Closed,2025-05-28,2025-06-06
DEV000694,PROD00652,BATCH000767,PLANT05,Equipment Malfunction,Minor,RC004,Closed,2025-03-05,2025-04-18
DEV000695,PROD00206,BATCH000415,PLANT02,Out-of-Specification (OOS),Minor,RC021,Closed,2024-02-23,2024-03-26
DEV000696,PROD00194,BATCH000506,PLANT05,Labeling Error,Minor,RC019,Closed,2024-02-08,2024-02-16
DEV000697,PROD00092,BATCH000645,PLANT05,Out-of-Specification (OOS),Minor,RC009,Closed,2024-11-24,2024-12-12
DEV000698,PROD00843,BATCH001145,PLANT04,Labeling Error,Minor,RC015,Closed,2024-10-11,2024-10-14
DEV000699,PROD00071,BATCH000543,PLANT01,Contamination,Critical,RC023,Open,2025-07-10,
DEV000700,PROD00767,BATCH001338,PLANT03,Contamination,Major,RC011,Under Review,2025-05-03,
DEV000701,PROD00225,BATCH001048,PLANT04,Equipment Malfunction,Major,RC004,Closed,2023-12-25,2024-02-04
DEV000702,PROD00052,BATCH000717,PLANT01,Contamination,Major,RC009,Closed,2025-08-08,2025-08-28
DEV000703,PROD00209,BATCH000355,PLANT01,Equipment Malfunction,Major,RC001,Under Review,2024-10-11,
DEV000704,PROD00655,BATCH001293,PLANT05,Documentation Error,Major,RC002,Closed,2024-05-23,2024-06-05
DEV000705,PROD00787,BATCH000067,PLANT01,Process Deviation,Major,RC013,Closed,2025-07-07,2025-07-16
DEV000706,PROD00027,BATCH000337,PLANT05,Equipment Malfunction,Minor,RC019,Closed,2024-05-23,2024-06-13
DEV000707,PROD00536,BATCH001235,PLANT04,Temperature Excursion,Minor,RC014,Closed,2023-06-15,2023-07-04
DEV000708,PROD00318,BATCH000233,PLANT04,Documentation Error,Minor,RC006,Closed,2025-03-26,2025-04-26
DEV000709,PROD00539,BATCH001039,PLANT05,Temperature Excursion,Minor,RC014,Closed,2024-01-01,2024-01-28
DEV000710,PROD00380,BATCH000686,PLANT03,Process Deviation,Minor,RC019,Under Review,2024-04-29,
DEV000711,PROD00872,BATCH001357,PLANT05,Out-of-Specification (OOS),Minor,RC017,Open,2023-11-12,
DEV000712,PROD00904,BATCH000674,PLANT05,Labeling Error,Minor,RC001,Closed,2024-08-12,2024-08-15
DEV000713,PROD00488,BATCH000972,PLANT03,Contamination,Minor,RC018,Under Review,2024-12-16,
DEV000714,PROD00724,BATCH000182,PLANT04,Labeling Error,Minor,RC006,Under Review,2023-09-28,
DEV000715,PROD00325,BATCH000421,PLANT03,Equipment Malfunction,Critical,RC007,Closed,2023-02-26,2023-03-10
DEV000716,PROD00848,BATCH001475,PLANT02,Out-of-Specification (OOS),Minor,RC025,Closed,2025-01-04,2025-01-10
DEV000717,PROD00441,BATCH001410,PLANT05,Documentation Error,Minor,RC023,Closed,2024-01-28,2024-02-10
DEV000718,PROD00183,BATCH000633,PLANT04,Contamination,Minor,RC012,Closed,2023-05-22,2023-07-05
DEV000719,PROD00377,BATCH001058,PLANT03,Out-of-Specification (OOS),Critical,RC003,Open,2023-11-06,
DEV000720,PROD00038,BATCH001310,PLANT05,Equipment Malfunction,Minor,RC025,Under Review,2023-11-29,
DEV000721,PROD00011,BATCH000301,PLANT02,Contamination,Major,RC020,Under Review,2025-05-29,
DEV000722,PROD00774,BATCH000147,PLANT02,Temperature Excursion,Major,RC005,Closed,2023-02-27,2023-04-09
DEV000723,PROD00617,BATCH000261,PLANT03,Temperature Excursion,Minor,RC008,Closed,2023-06-12,2023-06-28
DEV000724,PROD00609,BATCH000065,PLANT01,Documentation Error,Major,RC025,Closed,2023-08-28,2023-09-24
DEV000725,PROD00560,BATCH001101,PLANT01,Labeling Error,Major,RC020,Closed,2023-05-15,2023-06-18
DEV000726,PROD00075,BATCH001106,PLANT01,Equipment Malfunction,Major,RC025,Closed,2024-08-13,2024-08-21
DEV000727,PROD00091,BATCH001089,PLANT03,Temperature Excursion,Minor,RC017,Under Review,2024-03-08,
DEV000728,PROD00230,BATCH000682,PLANT03,Process Deviation,Major,RC009,Closed,2024-09-10,2024-09-22
DEV000729,PROD00657,BATCH000518,PLANT02,Process Deviation,Major,RC004,Closed,2025-03-18,2025-05-01
DEV000730,PROD00445,BATCH000120,PLANT01,Process Deviation,Minor,RC011,Open,2023-10-15,
DEV000731,PROD00769,BATCH000302,PLANT03,Equipment Malfunction,Major,RC005,Closed,2023-09-11,2023-09-27
DEV000732,PROD00421,BATCH000888,PLANT02,Labeling Error,Major,RC022,Closed,2023-10-18,2023-11-07
DEV000733,PROD00068,BATCH001269,PLANT03,Labeling Error,Major,RC020,Under Review,2023-08-14,
DEV000734,PROD00896,BATCH001015,PLANT02,Contamination,Major,RC021,Open,2023-10-09,
DEV000735,PROD00849,BATCH000843,PLANT02,Documentation Error,Minor,RC025,Closed,2023-02-24,2023-03-01
DEV000736,PROD00275,BATCH001132,PLANT04,Temperature Excursion,Minor,RC009,Closed,2024-02-06,2024-02-15
DEV000737,PROD00895,BATCH000801,PLANT04,Equipment Malfunction,Major,RC020,Open,2025-01-29,
DEV000738,PROD00485,BATCH001194,PLANT01,Process Deviation,Minor,RC017,Closed,2023-11-03,2023-11-16
DEV000739,PROD00678,BATCH000450,PLANT01,Temperature Excursion,Major,RC002,Closed,2024-10-22,2024-11-24
DEV000740,PROD00529,BATCH001457,PLANT03,Contamination,Minor,RC025,Closed,2024-01-28,2024-02-11
DEV000741,PROD00187,BATCH001482,PLANT05,Temperature Excursion,Major,RC001,Under Review,2025-05-15,
DEV000742,PROD00292,BATCH001004,PLANT02,Out-of-Specification (OOS),Minor,RC021,Closed,2025-03-21,2025-03-25
DEV000743,PROD00922,BATCH000440,PLANT03,Contamination,Major,RC003,Open,2024-10-30,
DEV000744,PROD00646,BATCH001340,PLANT03,Temperature Excursion,Major,RC025,Under Review,2023-01-23,
DEV000745,PROD00415,BATCH001175,PLANT04,Contamination,Minor,RC005,Closed,2023-08-20,2023-09-12
DEV000746,PROD00055,BATCH000272,PLANT05,Documentation Error,Minor,RC023,Under Review,2024-11-27,
DEV000747,PROD00450,BATCH000226,PLANT01,Contamination,Minor,RC023,Under Review,2024-10-30,
DEV000748,PROD00875,BATCH000962,PLANT01,Labeling Error,Minor,RC004,Closed,2023-02-27,2023-04-09
DEV000749,PROD00630,BATCH001065,PLANT03,Equipment Malfunction,Minor,RC007,Closed,2025-03-08,2025-04-15
DEV000750,PROD00014,BATCH000591,PLANT02,Temperature Excursion,Major,RC010,Under Review,2023-02-14,
DEV000751,PROD00106,BATCH000981,PLANT02,Out-of-Specification (OOS),Minor,RC002,Closed,2025-03-01,2025-03-22
DEV000752,PROD00989,BATCH000158,PLANT04,Temperature Excursion,Minor,RC023,Open,2023-04-29,
DEV000753,PROD00062,BATCH000835,PLANT03,Contamination,Critical,RC010,Closed,2023-01-10,2023-02-23
DEV000754,PROD00633,BATCH001403,PLANT02,Process Deviation,Critical,RC016,Closed,2023-04-08,2023-04-14
DEV000755,PROD00998,BATCH000611,PLANT02,Out-of-Specification (OOS),Minor,RC016,Under Review,2025-07-06,
DEV000756,PROD00239,BATCH000667,PLANT05,Documentation Error,Critical,RC002,Closed,2023-06-06,2023-07-03
DEV000757,PROD00654,BATCH000479,PLANT01,Contamination,Minor,RC018,Closed,2023-03-29,2023-04-22
DEV000758,PROD00134,BATCH000401,PLANT04,Process Deviation,Minor,RC022,Open,2025-06-11,
DEV000759,PROD00798,BATCH000866,PLANT01,Labeling Error,Major,RC008,Open,2023-02-04,
DEV000760,PROD00489,BATCH000108,PLANT02,Labeling Error,Major,RC003,Closed,2025-06-13,2025-07-05
DEV000761,PROD00577,BATCH001322,PLANT01,Temperature Excursion,Major,RC005,Open,2023-10-11,
DEV000762,PROD00447,BATCH000049,PLANT04,Documentation Error,Minor,RC025,Closed,2024-12-20,2025-01-02
DEV000763,PROD00441,BATCH001121,PLANT05,Contamination,Minor,RC025,Closed,2023-12-18,2024-01-12
DEV000764,PROD00625,BATCH000258,PLANT05,Out-of-Specification (OOS),Major,RC006,Under Review,2023-05-24,
DEV000765,PROD00122,BATCH000125,PLANT05,Temperature Excursion,Critical,RC012,Closed,2023-09-10,2023-10-07
DEV000766,PROD00875,BATCH000471,PLANT01,Process Deviation,Minor,RC011,Closed,2023-07-15,2023-08-08
DEV000767,PROD00824,BATCH001152,PLANT01,Temperature Excursion,Minor,RC014,Under Review,2024-03-01,
DEV000768,PROD00472,BATCH000331,PLANT04,Contamination,Minor,RC022,Closed,2024-02-15,2024-03-21
DEV000769,PROD00466,BATCH000039,PLANT05,Contamination,Minor,RC002,Closed,2025-02-13,2025-03-20
DEV000770,PROD00109,BATCH000030,PLANT01,Temperature Excursion,Minor,RC013,Open,2024-10-20,
DEV000771,PROD00257,BATCH000901,PLANT03,Documentation Error,Minor,RC020,Closed,2024-08-30,2024-09-17
DEV000772,PROD00656,BATCH000443,PLANT04,Temperature Excursion,Major,RC017,Closed,2025-05-15,2025-06-24
DEV000773,PROD00902,BATCH000015,PLANT04,Temperature Excursion,Major,RC023,Closed,2023-07-02,2023-07-05
DEV000774,PROD00211,BATCH000083,PLANT01,Labeling Error,Major,RC007,Closed,2024-05-25,2024-06-18
DEV000775,PROD00625,BATCH000705,PLANT05,Process Deviation,Critical,RC021,Closed,2023-12-26,2024-01-25
DEV000776,PROD00551,BATCH000469,PLANT01,Process Deviation,Minor,RC013,Under Review,2024-08-10,
DEV000777,PROD00434,BATCH000357,PLANT03,Process Deviation,Major,RC012,Open,2025-07-22,
DEV000778,PROD00227,BATCH001366,PLANT01,Process Deviation,Minor,RC006,Closed,2023-02-12,2023-03-07
DEV000779,PROD00980,BATCH001113,PLANT02,Labeling Error,Minor,RC021,Closed,2025-02-08,2025-02-17
DEV000780,PROD00706,BATCH001326,PLANT03,Labeling Error,Major,RC015,Closed,2025-08-09,2025-09-20
DEV000781,PROD00566,BATCH001388,PLANT05,Equipment Malfunction,Major,RC023,Open,2023-12-22,
DEV000782,PROD00914,BATCH000460,PLANT01,Temperature Excursion,Critical,RC007,Closed,2023-12-09,2024-01-10
DEV000783,PROD00459,BATCH000485,PLANT05,Temperature Excursion,Minor,RC001,Open,2025-03-08,
DEV000784,PROD00869,BATCH000567,PLANT05,Documentation Error,Minor,RC009,Closed,2023-11-22,2024-01-02
DEV000785,PROD00291,BATCH000257,PLANT04,Out-of-Specification (OOS),Minor,RC009,Closed,2023-05-09,2023-06-17
DEV000786,PROD00038,BATCH000880,PLANT05,Temperature Excursion,Major,RC013,Closed,2023-04-28,2023-06-10
DEV000787,PROD00028,BATCH001169,PLANT01,Labeling Error,Minor,RC003,Closed,2024-01-27,2024-02-12
DEV000788,PROD00943,BATCH001416,PLANT05,Labeling Error,Critical,RC022,Closed,2024-11-26,2024-12-04
DEV000789,PROD00766,BATCH001327,PLANT05,Temperature Excursion,Critical,RC011,Closed,2023-06-15,2023-07-12
DEV000790,PROD00762,BATCH000372,PLANT05,Temperature Excursion,Minor,RC020,Closed,2023-08-23,2023-09-29
DEV000791,PROD00269,BATCH000468,PLANT01,Labeling Error,Minor,RC023,Closed,2023-01-23,2023-02-05
DEV000792,PROD00569,BATCH000898,PLANT03,Labeling Error,Major,RC011,Closed,2024-01-23,2024-01-28
DEV000793,PROD00475,BATCH000106,PLANT02,Contamination,Minor,RC011,Closed,2024-03-05,2024-03-16
DEV000794,PROD00595,BATCH000802,PLANT01,Labeling Error,Critical,RC018,Closed,2024-12-30,2025-01-10
DEV000795,PROD00801,BATCH000641,PLANT02,Process Deviation,Minor,RC025,Under Review,2023-08-24,
DEV000796,PROD00235,BATCH000439,PLANT02,Temperature Excursion,Major,RC004,Closed,2023-05-08,2023-05-31
DEV000797,PROD00297,BATCH001151,PLANT05,Equipment Malfunction,Minor,RC016,Closed,2025-02-14,2025-03-22
DEV000798,PROD00970,BATCH000912,PLANT01,Equipment Malfunction,Major,RC023,Closed,2025-01-10,2025-01-26
DEV000799,PROD00980,BATCH001297,PLANT02,Equipment Malfunction,Minor,RC008,Closed,2023-03-14,2023-04-05
DEV000800,PROD00979,BATCH001343,PLANT02,Documentation Error,Minor,RC012,Closed,2023-04-27,2023-05-11
DEV000801,PROD00195,BATCH000726,PLANT03,Labeling Error,Minor,RC012,Open,2024-04-13,
DEV000802,PROD00450,BATCH001461,PLANT01,Equipment Malfunction,Major,RC006,Closed,2024-08-24,2024-08-31
DEV000803,PROD00380,BATCH001035,PLANT03,Temperature Excursion,Minor,RC010,Closed,2024-07-13,2024-07-29
DEV000804,PROD00973,BATCH001036,PLANT02,Out-of-Specification (OOS),Minor,RC005,Open,2023-08-25,
DEV000805,PROD00988,BATCH001476,PLANT03,Documentation Error,Minor,RC009,Closed,2024-01-03,2024-01-15
DEV000806,PROD00734,BATCH000946,PLANT01,Equipment Malfunction,Minor,RC024,Under Review,2024-01-24,
DEV000807,PROD00925,BATCH000787,PLANT05,Contamination,Minor,RC021,Open,2025-04-20,
DEV000808,PROD00345,BATCH000799,PLANT02,Temperature Excursion,Minor,RC009,Closed,2024-07-03,2024-07-24
DEV000809,PROD00690,BATCH000239,PLANT03,Labeling Error,Critical,RC024,Closed,2023-06-07,2023-06-21
DEV000810,PROD00535,BATCH000815,PLANT03,Documentation Error,Minor,RC012,Under Review,2025-07-22,
DEV000811,PROD00862,BATCH000601,PLANT04,Labeling Error,Minor,RC018,Closed,2024-04-24,2024-05-22
DEV000812,PROD00975,BATCH000121,PLANT02,Equipment Malfunction,Major,RC011,Under Review,2023-11-15,
DEV000813,PROD00838,BATCH000266,PLANT02,Labeling Error,Major,RC003,Open,2024-02-04,
DEV000814,PROD00071,BATCH001274,PLANT01,Temperature Excursion,Major,RC004,Closed,2023-12-28,2024-01-14
DEV000815,PROD00741,BATCH000760,PLANT01,Documentation Error,Major,RC017,Open,2025-05-03,
DEV000816,PROD00085,BATCH001056,PLANT04,Labeling Error,Major,RC022,Open,2025-02-16,
DEV000817,PROD00569,BATCH000607,PLANT03,Contamination,Minor,RC025,Closed,2023-11-30,2023-12-13
DEV000818,PROD00932,BATCH001382,PLANT05,Temperature Excursion,Minor,RC016,Closed,2023-12-08,2023-12-26
DEV000819,PROD00381,BATCH001438,PLANT02,Temperature Excursion,Minor,RC011,Under Review,2023-07-13,
DEV000820,PROD00959,BATCH000711,PLANT05,Equipment Malfunction,Major,RC003,Closed,2025-08-10,2025-08-28
DEV000821,PROD00584,BATCH001049,PLANT03,Process Deviation,Minor,RC009,Under Review,2023-06-22,
DEV000822,PROD00421,BATCH000464,PLANT02,Documentation Error,Minor,RC021,Closed,2024-10-30,2024-12-10
DEV000823,PROD00300,BATCH000181,PLANT04,Process Deviation,Minor,RC025,Closed,2023-05-24,2023-05-30
DEV000824,PROD00887,BATCH000373,PLANT03,Documentation Error,Minor,RC012,Closed,2024-08-20,2024-10-04
DEV000825,PROD00353,BATCH000638,PLANT02,Temperature Excursion,Major,RC003,Closed,2025-01-13,2025-02-17
DEV000826,PROD00245,BATCH000900,PLANT02,Temperature Excursion,Major,RC020,Closed,2024-03-06,2024-04-13
DEV000827,PROD00279,BATCH001454,PLANT04,Process Deviation,Major,RC019,Closed,2023-03-18,2023-04-09
DEV000828,PROD00898,BATCH001372,PLANT04,Out-of-Specification (OOS),Minor,RC012,Open,2023-01-15,
DEV000829,PROD00462,BATCH001208,PLANT02,Out-of-Specification (OOS),Major,RC007,Closed,2024-10-30,2024-11-15
DEV000830,PROD00951,BATCH000433,PLANT01,Process Deviation,Critical,RC005,Open,2025-07-14,
DEV000831,PROD00701,BATCH001215,PLANT05,Process Deviation,Major,RC001,Closed,2024-02-29,2024-03-03
DEV000832,PROD00124,BATCH000288,PLANT02,Equipment Malfunction,Minor,RC011,Closed,2025-05-18,2025-06-13
DEV000833,PROD00150,BATCH000056,PLANT01,Temperature Excursion,Major,RC017,Closed,2023-05-12,2023-06-09
DEV000834,PROD00413,BATCH000969,PLANT02,Labeling Error,Minor,RC013,Closed,2025-07-13,2025-08-25
DEV000835,PROD00706,BATCH000751,PLANT03,Out-of-Specification (OOS),Major,RC024,Closed,2025-08-11,2025-09-08
DEV000836,PROD00923,BATCH000105,PLANT01,Temperature Excursion,Minor,RC009,Closed,2025-07-18,2025-07-31
DEV000837,PROD00327,BATCH000828,PLANT02,Contamination,Minor,RC003,Open,2023-05-16,
DEV000838,PROD00087,BATCH001409,PLANT03,Equipment Malfunction,Major,RC019,Open,2023-03-14,
DEV000839,PROD00471,BATCH001284,PLANT04,Labeling Error,Major,RC013,Closed,2024-09-16,2024-09-25
DEV000840,PROD00261,BATCH001316,PLANT05,Out-of-Specification (OOS),Major,RC003,Closed,2025-05-07,2025-05-15
DEV000841,PROD00069,BATCH000599,PLANT03,Documentation Error,Major,RC005,Under Review,2024-02-06,
DEV000842,PROD00786,BATCH000275,PLANT05,Out-of-Specification (OOS),Minor,RC006,Closed,2024-08-19,2024-08-30
DEV000843,PROD00893,BATCH000294,PLANT04,Temperature Excursion,Minor,RC025,Closed,2024-04-09,2024-04-19
DEV000844,PROD00729,BATCH000477,PLANT05,Temperature Excursion,Minor,RC009,Closed,2024-07-29,2024-08-22
DEV000845,PROD00406,BATCH000644,PLANT03,Documentation Error,Minor,RC008,Closed,2024-01-09,2024-01-30
DEV000846,PROD00733,BATCH000743,PLANT05,Equipment Malfunction,Minor,RC007,Closed,2025-04-11,2025-04-17
DEV000847,PROD00992,BATCH000606,PLANT02,Documentation Error,Minor,RC022,Closed,2023-09-23,2023-11-03
DEV000848,PROD00993,BATCH000547,PLANT05,Temperature Excursion,Minor,RC019,Closed,2024-02-22,2024-03-11
DEV000849,PROD00416,BATCH000553,PLANT03,Temperature Excursion,Minor,RC006,Closed,2024-10-05,2024-10-22
DEV000850,PROD00224,BATCH000731,PLANT02,Equipment Malfunction,Major,RC016,Closed,2023-06-16,2023-07-13
DEV000851,PROD00970,BATCH001447,PLANT01,Labeling Error,Major,RC009,Closed,2023-06-29,2023-07-19
DEV000852,PROD00446,BATCH000678,PLANT03,Temperature Excursion,Minor,RC025,Closed,2023-11-09,2023-12-06
DEV000853,PROD00349,BATCH000170,PLANT01,Out-of-Specification (OOS),Minor,RC019,Closed,2023-03-28,2023-05-08
DEV000854,PROD00295,BATCH000351,PLANT02,Temperature Excursion,Minor,RC007,Closed,2024-06-04,2024-06-11
DEV000855,PROD00312,BATCH001067,PLANT02,Process Deviation,Minor,RC008,Closed,2025-04-15,2025-04-20
DEV000856,PROD00472,BATCH001258,PLANT04,Contamination,Critical,RC004,Closed,2024-09-26,2024-10-07
DEV000857,PROD00053,BATCH000864,PLANT05,Contamination,Minor,RC024,Closed,2023-07-24,2023-08-06
DEV000858,PROD00764,BATCH000545,PLANT02,Documentation Error,Minor,RC020,Closed,2024-04-07,2024-05-17
DEV000859,PROD00144,BATCH000222,PLANT01,Labeling Error,Minor,RC015,Closed,2024-12-27,2025-01-29
DEV000860,PROD00572,BATCH001249,PLANT05,Labeling Error,Minor,RC017,Closed,2023-11-12,2023-11-26
DEV000861,PROD00621,BATCH000099,PLANT03,Contamination,Minor,RC006,Open,2023-03-13,
DEV000862,PROD00371,BATCH001369,PLANT01,Process Deviation,Major,RC007,Closed,2024-01-14,2024-01-27
DEV000863,PROD00570,BATCH000573,PLANT03,Documentation Error,Minor,RC011,Closed,2024-06-15,2024-06-23
DEV000864,PROD00848,BATCH000652,PLANT02,Temperature Excursion,Major,RC001,Closed,2023-01-11,2023-01-27
DEV000865,PROD00796,BATCH000040,PLANT05,Labeling Error,Minor,RC019,Open,2025-06-01,
DEV000866,PROD00048,BATCH001084,PLANT02,Out-of-Specification (OOS),Major,RC024,Under Review,2024-05-07,
DEV000867,PROD00221,BATCH000367,PLANT03,Temperature Excursion,Minor,RC006,Open,2024-04-10,
DEV000868,PROD00125,BATCH000503,PLANT01,Documentation Error,Major,RC005,Closed,2025-04-19,2025-05-02
DEV000869,PROD00204,BATCH000636,PLANT03,Contamination,Major,RC017,Closed,2023-07-28,2023-08-24
DEV000870,PROD00620,BATCH000925,PLANT04,Documentation Error,Major,RC008,Closed,2025-02-19,2025-03-30
DEV000871,PROD00611,BATCH000414,PLANT04,Contamination,Critical,RC023,Closed,2024-06-03,2024-06-23
DEV000872,PROD00820,BATCH000173,PLANT03,Labeling Error,Critical,RC009,Closed,2023-09-05,2023-09-20
DEV000873,PROD00605,BATCH001280,PLANT02,Out-of-Specification (OOS),Minor,RC024,Closed,2025-04-18,2025-05-03
DEV000874,PROD00966,BATCH000408,PLANT04,Contamination,Minor,RC019,Closed,2024-05-20,2024-06-25
DEV000875,PROD00353,BATCH001417,PLANT02,Labeling Error,Critical,RC020,Closed,2024-11-13,2024-11-21
DEV000876,PROD00779,BATCH001030,PLANT04,Process Deviation,Major,RC009,Closed,2025-06-20,2025-06-25
DEV000877,PROD00582,BATCH001344,PLANT02,Process Deviation,Minor,RC017,Closed,2023-10-12,2023-11-07
DEV000878,PROD00258,BATCH001184,PLANT04,Documentation Error,Minor,RC024,Closed,2023-01-05,2023-02-07
DEV000879,PROD00661,BATCH000381,PLANT02,Contamination,Minor,RC014,Closed,2025-04-26,2025-04-29
DEV000880,PROD00631,BATCH000860,PLANT03,Out-of-Specification (OOS),Minor,RC010,Closed,2023-04-14,2023-05-25
DEV000881,PROD00844,BATCH001245,PLANT04,Contamination,Major,RC025,Closed,2025-06-21,2025-07-12
DEV000882,PROD00513,BATCH000883,PLANT02,Equipment Malfunction,Minor,RC008,Closed,2023-10-10,2023-11-21
DEV000883,PROD00162,BATCH001159,PLANT04,Contamination,Major,RC002,Under Review,2023-07-31,
DEV000884,PROD00004,BATCH000794,PLANT04,Process Deviation,Minor,RC005,Closed,2023-09-22,2023-10-19
DEV000885,PROD00396,BATCH000655,PLANT03,Equipment Malfunction,Major,RC011,Closed,2023-11-27,2024-01-11
DEV000886,PROD00869,BATCH000792,PLANT05,Out-of-Specification (OOS),Major,RC022,Closed,2024-07-05,2024-07-31
DEV000887,PROD00119,BATCH000388,PLANT02,Equipment Malfunction,Major,RC024,Under Review,2024-02-01,
DEV000888,PROD00188,BATCH000989,PLANT01,Out-of-Specification (OOS),Major,RC012,Open,2025-08-08,
DEV000889,PROD00273,BATCH000447,PLANT04,Equipment Malfunction,Minor,RC022,Closed,2024-02-23,2024-03-16
DEV000890,PROD00034,BATCH000991,PLANT04,Process Deviation,Minor,RC021,Closed,2024-02-19,2024-04-03
DEV000891,PROD00209,BATCH000156,PLANT01,Labeling Error,Minor,RC013,Closed,2023-06-27,2023-07-03
DEV000892,PROD00099,BATCH000587,PLANT01,Documentation Error,Minor,RC009,Closed,2023-05-28,2023-06-15
DEV000893,PROD00930,BATCH000911,PLANT04,Out-of-Specification (OOS),Minor,RC023,Closed,2023-07-29,2023-08-21
DEV000894,PROD00767,BATCH001248,PLANT03,Temperature Excursion,Minor,RC024,Open,2024-04-21,
DEV000895,PROD00366,BATCH000555,PLANT01,Contamination,Major,RC010,Open,2023-01-16,
DEV000896,PROD00126,BATCH000407,PLANT04,Labeling Error,Major,RC025,Closed,2023-08-06,2023-08-12
DEV000897,PROD00751,BATCH000198,PLANT01,Documentation Error,Major,RC023,Closed,2025-01-13,2025-02-07
DEV000898,PROD00524,BATCH001254,PLANT04,Equipment Malfunction,Major,RC011,Closed,2025-04-21,2025-05-01
DEV000899,PROD00358,BATCH000668,PLANT02,Process Deviation,Minor,RC001,Closed,2025-04-18,2025-05-17
DEV000900,PROD00082,BATCH000136,PLANT02,Labeling Error,Minor,RC024,Under Review,2024-09-03,
DEV000901,PROD00053,BATCH000818,PLANT05,Documentation Error,Critical,RC006,Closed,2023-05-30,2023-06-13
DEV000902,PROD00228,BATCH000250,PLANT03,Temperature Excursion,Minor,RC015,Closed,2025-04-11,2025-05-12
DEV000903,PROD00482,BATCH000385,PLANT05,Labeling Error,Major,RC010,Closed,2023-08-07,2023-09-20
DEV000904,PROD00461,BATCH000526,PLANT05,Labeling Error,Critical,RC008,Closed,2025-04-16,2025-05-15
DEV000905,PROD00213,BATCH000699,PLANT01,Labeling Error,Minor,RC017,Closed,2023-03-02,2023-04-16
DEV000906,PROD00241,BATCH000193,PLANT03,Labeling Error,Minor,RC005,Closed,2024-05-14,2024-05-21
DEV000907,PROD00486,BATCH000148,PLANT03,Temperature Excursion,Minor,RC001,Under Review,2024-04-25,
DEV000908,PROD00819,BATCH000656,PLANT03,Temperature Excursion,Critical,RC004,Closed,2024-10-09,2024-11-21
DEV000909,PROD00937,BATCH001240,PLANT05,Temperature Excursion,Major,RC021,Closed,2023-04-01,2023-05-04
DEV000910,PROD00260,BATCH000183,PLANT01,Temperature Excursion,Major,RC002,Open,2023-05-13,
DEV000911,PROD00399,BATCH000335,PLANT05,Labeling Error,Minor,RC006,Under Review,2024-08-24,
DEV000912,PROD00919,BATCH000283,PLANT03,Process Deviation,Minor,RC001,Closed,2025-02-18,2025-03-11
DEV000913,PROD00430,BATCH000600,PLANT05,Equipment Malfunction,Major,RC014,Closed,2023-01-20,2023-02-05
DEV000914,PROD00831,BATCH000821,PLANT05,Temperature Excursion,Minor,RC003,Open,2025-03-24,
DEV000915,PROD00581,BATCH000563,PLANT04,Out-of-Specification (OOS),Minor,RC007,Closed,2023-06-02,2023-07-17
DEV000916,PROD00994,BATCH001489,PLANT05,Temperature Excursion,Minor,RC001,Open,2024-06-04,
DEV000917,PROD00425,BATCH000937,PLANT01,Labeling Error,Minor,RC015,Open,2025-03-14,
DEV000918,PROD00792,BATCH001446,PLANT05,Contamination,Minor,RC014,Closed,2023-08-06,2023-09-02
DEV000919,PROD00025,BATCH000019,PLANT02,Temperature Excursion,Major,RC009,Under Review,2023-10-14,
DEV000920,PROD00120,BATCH000762,PLANT03,Temperature Excursion,Critical,RC011,Closed,2025-07-31,2025-08-17
DEV000921,PROD00982,BATCH000940,PLANT04,Temperature Excursion,Minor,RC024,Open,2023-12-23,
DEV000922,PROD00877,BATCH000761,PLANT03,Contamination,Minor,RC005,Under Review,2025-04-15,
DEV000923,PROD00488,BATCH001226,PLANT03,Process Deviation,Minor,RC004,Closed,2024-05-15,2024-06-01
DEV000924,PROD00777,BATCH000993,PLANT05,Equipment Malfunction,Critical,RC014,Open,2023-07-10,
DEV000925,PROD00856,BATCH000510,PLANT05,Contamination,Major,RC009,Under Review,2025-07-28,
DEV000926,PROD00503,BATCH000844,PLANT05,Documentation Error,Minor,RC002,Closed,2023-01-13,2023-02-24
DEV000927,PROD00164,BATCH000549,PLANT01,Out-of-Specification (OOS),Minor,RC011,Open,2024-08-07,
DEV000928,PROD01000,BATCH001061,PLANT01,Documentation Error,Critical,RC012,Closed,2024-01-10,2024-02-13
DEV000929,PROD00675,BATCH001120,PLANT03,Labeling Error,Minor,RC007,Open,2023-09-13,
DEV000930,PROD00342,BATCH000689,PLANT04,Documentation Error,Minor,RC015,Under Review,2025-06-14,
DEV000931,PROD00044,BATCH000058,PLANT03,Process Deviation,Major,RC010,Closed,2025-03-12,2025-03-17
DEV000932,PROD00401,BATCH000053,PLANT05,Temperature Excursion,Critical,RC018,Closed,2024-01-23,2024-02-06
DEV000933,PROD00667,BATCH000005,PLANT05,Labeling Error,Major,RC022,Closed,2024-04-17,2024-04-22
DEV000934,PROD00989,BATCH000869,PLANT04,Out-of-Specification (OOS),Critical,RC008,Open,2023-02-06,
DEV000935,PROD00127,BATCH000399,PLANT05,Labeling Error,Minor,RC019,Open,2024-09-28,
DEV000936,PROD00696,BATCH001057,PLANT05,Out-of-Specification (OOS),Minor,RC019,Closed,2025-02-24,2025-03-14
DEV000937,PROD00929,BATCH000637,PLANT02,Labeling Error,Major,RC025,Under Review,2023-01-30,
DEV000938,PROD00367,BATCH000300,PLANT01,Process Deviation,Major,RC017,Open,2023-06-27,
DEV000939,PROD00799,BATCH000528,PLANT03,Contamination,Critical,RC004,Closed,2023-05-11,2023-06-22
DEV000940,PROD00236,BATCH000846,PLANT05,Labeling Error,Major,RC021,Open,2023-11-30,
DEV000941,PROD00901,BATCH000920,PLANT05,Out-of-Specification (OOS),Major,RC024,Closed,2025-06-29,2025-07-30
DEV000942,PROD00006,BATCH000237,PLANT04,Out-of-Specification (OOS),Critical,RC020,Closed,2024-10-05,2024-11-14
DEV000943,PROD00233,BATCH000028,PLANT05,Labeling Error,Minor,RC023,Closed,2025-01-01,2025-01-20
DEV000944,PROD00353,BATCH000906,PLANT02,Contamination,Minor,RC021,Closed,2023-01-24,2023-02-05
DEV000945,PROD00041,BATCH001034,PLANT01,Labeling Error,Minor,RC020,Closed,2025-01-06,2025-02-12
DEV000946,PROD00572,BATCH000441,PLANT05,Process Deviation,Minor,RC003,Closed,2023-12-17,2024-01-06
DEV000947,PROD00031,BATCH000624,PLANT05,Process Deviation,Major,RC005,Closed,2024-10-24,2024-11-06
DEV000948,PROD00350,BATCH000231,PLANT04,Temperature Excursion,Minor,RC024,Open,2024-01-16,
DEV000949,PROD00899,BATCH001361,PLANT01,Process Deviation,Minor,RC022,Closed,2023-03-27,2023-04-30
DEV000950,PROD00458,BATCH001246,PLANT01,Equipment Malfunction,Minor,RC001,Closed,2023-12-05,2024-01-09
DEV000951,PROD00236,BATCH000002,PLANT05,Temperature Excursion,Critical,RC017,Closed,2024-05-28,2024-06-08
DEV000952,PROD00680,BATCH001393,PLANT02,Temperature Excursion,Minor,RC023,Closed,2023-03-21,2023-05-03
DEV000953,PROD00410,BATCH001068,PLANT02,Temperature Excursion,Minor,RC006,Closed,2025-02-03,2025-02-12
DEV000954,PROD00765,BATCH000985,PLANT05,Documentation Error,Major,RC013,Closed,2024-08-05,2024-09-19
DEV000955,PROD00611,BATCH000394,PLANT04,Labeling Error,Minor,RC003,Closed,2024-01-21,2024-02-17
DEV000956,PROD00285,BATCH000589,PLANT02,Process Deviation,Major,RC011,Closed,2024-05-21,2024-06-02
DEV000957,PROD00900,BATCH000251,PLANT04,Labeling Error,Major,RC013,Closed,2024-07-13,2024-08-09
DEV000958,PROD00180,BATCH000482,PLANT03,Process Deviation,Critical,RC014,Under Review,2023-05-12,
DEV000959,PROD00977,BATCH000382,PLANT01,Equipment Malfunction,Major,RC001,Closed,2025-06-21,2025-07-01
DEV000960,PROD00155,BATCH001328,PLANT01,Process Deviation,Minor,RC019,Closed,2023-04-27,2023-05-15
DEV000961,PROD00050,BATCH000292,PLANT03,Contamination,Minor,RC016,Closed,2024-01-23,2024-03-08
DEV000962,PROD00262,BATCH001219,PLANT04,Out-of-Specification (OOS),Minor,RC008,Closed,2023-04-24,2023-04-28
DEV000963,PROD00060,BATCH000902,PLANT05,Process Deviation,Major,RC012,Closed,2023-05-25,2023-07-04
DEV000964,PROD00367,BATCH001376,PLANT01,Labeling Error,Critical,RC014,Closed,2024-08-30,2024-09-27
DEV000965,PROD00015,BATCH001300,PLANT02,Temperature Excursion,Minor,RC021,Closed,2023-11-27,2023-12-21
DEV000966,PROD00676,BATCH000926,PLANT04,Out-of-Specification (OOS),Critical,RC022,Closed,2023-10-12,2023-11-05
DEV000967,PROD00986,BATCH001431,PLANT04,Documentation Error,Minor,RC021,Open,2024-05-26,
DEV000968,PROD00324,BATCH000872,PLANT04,Labeling Error,Major,RC025,Closed,2025-03-14,2025-03-20
DEV000969,PROD00940,BATCH000707,PLANT02,Temperature Excursion,Major,RC010,Closed,2023-02-26,2023-03-23
DEV000970,PROD00403,BATCH000974,PLANT05,Process Deviation,Major,RC025,Closed,2024-12-01,2025-01-10
DEV000971,PROD00141,BATCH001050,PLANT03,Documentation Error,Minor,RC013,Closed,2024-07-28,2024-08-16
DEV000972,PROD00155,BATCH000501,PLANT01,Process Deviation,Major,RC019,Closed,2024-10-26,2024-11-09
DEV000973,PROD00169,BATCH000025,PLANT01,Contamination,Minor,RC019,Under Review,2023-12-28,
DEV000974,PROD00680,BATCH000695,PLANT02,Equipment Malfunction,Major,RC010,Closed,2025-01-05,2025-02-09
DEV000975,PROD00886,BATCH000467,PLANT04,Documentation Error,Minor,RC017,Under Review,2025-03-27,
DEV000976,PROD00229,BATCH001385,PLANT01,Documentation Error,Major,RC003,Closed,2024-02-05,2024-02-23
DEV000977,PROD00140,BATCH000533,PLANT03,Out-of-Specification (OOS),Critical,RC003,Closed,2023-03-25,2023-05-03
DEV000978,PROD00387,BATCH000841,PLANT05,Contamination,Minor,RC001,Closed,2023-09-23,2023-10-23
DEV000979,PROD00948,BATCH000117,PLANT05,Documentation Error,Major,RC011,Closed,2024-05-30,2024-06-19
DEV000980,PROD00717,BATCH001166,PLANT03,Labeling Error,Major,RC011,Under Review,2024-02-05,
DEV000981,PROD00777,BATCH000568,PLANT05,Out-of-Specification (OOS),Minor,RC006,Closed,2023-12-16,2024-01-30
DEV000982,PROD00982,BATCH001150,PLANT04,Documentation Error,Major,RC013,Closed,2025-06-13,2025-07-20
DEV000983,PROD00198,BATCH001318,PLANT05,Process Deviation,Minor,RC014,Under Review,2023-06-29,
DEV000984,PROD00190,BATCH000052,PLANT03,Contamination,Major,RC013,Closed,2024-03-06,2024-04-05
DEV000985,PROD00082,BATCH001174,PLANT02,Out-of-Specification (OOS),Minor,RC011,Under Review,2024-07-01,
DEV000986,PROD00013,BATCH001109,PLANT05,Documentation Error,Minor,RC023,Under Review,2023-05-07,
DEV000987,PROD00443,BATCH000783,PLANT02,Documentation Error,Minor,RC017,Closed,2024-08-15,2024-09-25
DEV000988,PROD00952,BATCH000795,PLANT04,Process Deviation,Minor,RC023,Closed,2025-03-11,2025-04-12
DEV000989,PROD00408,BATCH000306,PLANT01,Equipment Malfunction,Major,RC004,Closed,2024-07-02,2024-08-08
DEV000990,PROD00122,BATCH000560,PLANT05,Out-of-Specification (OOS),Major,RC017,Closed,2023-10-13,2023-10-25
DEV000991,PROD00336,BATCH000741,PLANT01,Equipment Malfunction,Major,RC013,Closed,2024-02-07,2024-02-26
DEV000992,PROD00746,BATCH000463,PLANT01,Equipment Malfunction,Major,RC012,Closed,2023-08-24,2023-10-05
DEV000993,PROD00212,BATCH001001,PLANT01,Out-of-Specification (OOS),Major,RC004,Closed,2023-01-15,2023-02-21
DEV000994,PROD00147,BATCH001095,PLANT05,Equipment Malfunction,Minor,RC013,Closed,2023-06-25,2023-08-03
DEV000995,PROD00391,BATCH000584,PLANT05,Equipment Malfunction,Minor,RC019,Closed,2024-06-17,2024-07-28
DEV000996,PROD00248,BATCH000979,PLANT04,Labeling Error,Minor,RC021,Closed,2023-09-28,2023-10-26
DEV000997,PROD00432,BATCH000508,PLANT02,Documentation Error,Critical,RC023,Open,2024-10-21,
DEV000998,PROD00217,BATCH000145,PLANT04,Equipment Malfunction,Minor,RC009,Open,2023-12-17,
DEV000999,PROD00381,BATCH000650,PLANT02,Documentation Error,Major,RC001,Closed,2023-03-03,2023-03-08
DEV001000,PROD00865,BATCH000535,PLANT01,Out-of-Specification (OOS),Major,RC012,Closed,2025-06-28,2025-07-20
DEV001001,PROD00553,BATCH000749,PLANT04,Labeling Error,Minor,RC011,Closed,2023-07-25,2023-08-02
DEV001002,PROD00760,BATCH000013,PLANT01,Temperature Excursion,Major,RC020,Closed,2023-03-27,2023-04-24
DEV001003,PROD00962,BATCH001042,PLANT04,Out-of-Specification (OOS),Minor,RC019,Under Review,2025-01-13,
DEV001004,PROD00455,BATCH000082,PLANT04,Temperature Excursion,Minor,RC020,Under Review,2023-06-13,
DEV001005,PROD00262,BATCH000262,PLANT04,Documentation Error,Minor,RC018,Closed,2024-12-16,2024-12-30
DEV001006,PROD00409,BATCH001139,PLANT03,Temperature Excursion,Minor,RC008,Closed,2023-10-21,2023-12-03
DEV001007,PROD00469,BATCH000716,PLANT04,Documentation Error,Minor,RC021,Closed,2023-02-17,2023-03-20
DEV001008,PROD00575,BATCH000167,PLANT03,Out-of-Specification (OOS),Minor,RC011,Open,2024-09-11,
DEV001009,PROD00976,BATCH000402,PLANT05,Process Deviation,Minor,RC013,Closed,2025-05-05,2025-06-06
DEV001010,PROD00517,BATCH001207,PLANT05,Labeling Error,Minor,RC009,Open,2024-05-23,
DEV001011,PROD00757,BATCH000673,PLANT03,Equipment Malfunction,Minor,RC019,Closed,2023-10-11,2023-10-15
DEV001012,PROD00859,BATCH000084,PLANT04,Out-of-Specification (OOS),Minor,RC007,Closed,2024-09-17,2024-10-24
DEV001013,PROD00271,BATCH000177,PLANT04,Equipment Malfunction,Minor,RC006,Closed,2024-09-03,2024-10-18
DEV001014,PROD00381,BATCH000983,PLANT02,Contamination,Minor,RC001,Closed,2023-10-26,2023-11-25
DEV001015,PROD00583,BATCH000115,PLANT01,Contamination,Minor,RC001,Under Review,2024-03-13,
DEV001016,PROD00728,BATCH000697,PLANT01,Contamination,Major,RC017,Under Review,2025-07-14,
DEV001017,PROD00022,BATCH000721,PLANT02,Labeling Error,Minor,RC024,Closed,2025-06-06,2025-06-19
DEV001018,PROD00367,BATCH001023,PLANT01,Process Deviation,Minor,RC019,Closed,2023-03-07,2023-04-02
DEV001019,PROD00697,BATCH001420,PLANT02,Temperature Excursion,Major,RC002,Closed,2023-01-31,2023-02-24
DEV001020,PROD00748,BATCH001222,PLANT05,Labeling Error,Minor,RC023,Closed,2024-04-19,2024-05-10
DEV001021,PROD00902,BATCH000583,PLANT04,Process Deviation,Minor,RC017,Under Review,2024-08-11,
DEV001022,PROD00204,BATCH001421,PLANT03,Contamination,Major,RC001,Closed,2024-05-17,2024-06-13
DEV001023,PROD00715,BATCH001080,PLANT03,Temperature Excursion,Minor,RC017,Open,2025-03-21,
DEV001024,PROD00206,BATCH001351,PLANT02,Documentation Error,Major,RC013,Under Review,2024-06-05,
DEV001025,PROD00403,BATCH001331,PLANT05,Documentation Error,Major,RC023,Under Review,2024-07-11,
DEV001026,PROD00824,BATCH001074,PLANT01,Temperature Excursion,Major,RC007,Under Review,2024-04-24,
DEV001027,PROD00793,BATCH001442,PLANT03,Process Deviation,Major,RC004,Closed,2023-07-18,2023-08-19
DEV001028,PROD00960,BATCH000029,PLANT03,Temperature Excursion,Major,RC023,Open,2024-07-01,
DEV001029,PROD00657,BATCH000534,PLANT02,Equipment Malfunction,Minor,RC017,Closed,2025-02-17,2025-02-21
DEV001030,PROD00404,BATCH000097,PLANT04,Temperature Excursion,Major,RC003,Closed,2023-07-03,2023-07-21
DEV001031,PROD00137,BATCH001180,PLANT02,Process Deviation,Critical,RC024,Closed,2024-08-06,2024-08-18
DEV001032,PROD00659,BATCH000763,PLANT04,Process Deviation,Minor,RC025,Closed,2024-07-14,2024-07-22
DEV001033,PROD00113,BATCH001341,PLANT04,Temperature Excursion,Major,RC025,Closed,2024-10-28,2024-11-06
DEV001034,PROD00746,BATCH001391,PLANT01,Temperature Excursion,Minor,RC010,Open,2024-02-08,
DEV001035,PROD00632,BATCH001078,PLANT02,Equipment Malfunction,Major,RC020,Closed,2025-04-25,2025-05-06
DEV001036,PROD00742,BATCH000609,PLANT05,Labeling Error,Major,RC002,Closed,2025-07-24,2025-07-30
DEV001037,PROD00103,BATCH001253,PLANT01,Contamination,Major,RC011,Closed,2025-08-18,2025-09-18
DEV001038,PROD00086,BATCH000225,PLANT05,Temperature Excursion,Minor,RC024,Open,2023-06-19,
DEV001039,PROD00240,BATCH000961,PLANT02,Labeling Error,Major,RC013,Closed,2024-01-25,2024-03-08
DEV001040,PROD00562,BATCH001330,PLANT05,Out-of-Specification (OOS),Minor,RC007,Closed,2024-05-30,2024-06-27
DEV001041,PROD00969,BATCH000243,PLANT01,Documentation Error,Critical,RC016,Open,2025-02-20,
DEV001042,PROD00363,BATCH000345,PLANT02,Temperature Excursion,Major,RC003,Open,2024-04-19,
DEV001043,PROD00203,BATCH000390,PLANT02,Process Deviation,Minor,RC014,Closed,2025-02-11,2025-02-23
DEV001044,PROD00358,BATCH000834,PLANT02,Out-of-Specification (OOS),Major,RC023,Closed,2025-01-11,2025-02-15
DEV001045,PROD00363,BATCH000488,PLANT02,Temperature Excursion,Major,RC014,Under Review,2023-01-16,
DEV001046,PROD00335,BATCH000750,PLANT03,Contamination,Minor,RC023,Closed,2023-10-11,2023-10-18
DEV001047,PROD00589,BATCH001160,PLANT04,Contamination,Minor,RC025,Closed,2025-05-03,2025-06-06
DEV001048,PROD00350,BATCH000186,PLANT04,Out-of-Specification (OOS),Critical,RC001,Open,2024-04-09,
DEV001049,PROD00674,BATCH001493,PLANT05,Out-of-Specification (OOS),Minor,RC013,Closed,2023-01-25,2023-02-13
DEV001050,PROD00791,BATCH001021,PLANT04,Labeling Error,Minor,RC024,Open,2024-05-14,
DEV001051,PROD00748,BATCH000701,PLANT05,Labeling Error,Minor,RC007,Closed,2023-08-02,2023-08-31
DEV001052,PROD00252,BATCH001189,PLANT05,Labeling Error,Critical,RC005,Closed,2024-12-01,2025-01-11
DEV001053,PROD00950,BATCH000383,PLANT02,Out-of-Specification (OOS),Critical,RC016,Closed,2024-09-01,2024-10-14
DEV001054,PROD00038,BATCH001255,PLANT05,Temperature Excursion,Minor,RC008,Closed,2023-02-26,2023-03-22
DEV001055,PROD00467,BATCH001055,PLANT04,Contamination,Major,RC010,Under Review,2025-07-23,
DEV001056,PROD00389,BATCH001360,PLANT01,Documentation Error,Minor,RC022,Open,2025-03-19,
DEV001057,PROD00341,BATCH000618,PLANT04,Labeling Error,Major,RC014,Closed,2025-07-31,2025-09-06
DEV001058,PROD00290,BATCH000137,PLANT01,Out-of-Specification (OOS),Minor,RC011,Closed,2024-12-11,2025-01-24
DEV001059,PROD00945,BATCH001092,PLANT02,Contamination,Minor,RC013,Closed,2023-07-23,2023-09-06
DEV001060,PROD00394,BATCH000893,PLANT04,Temperature Excursion,Major,RC009,Closed,2025-02-13,2025-03-04
DEV001061,PROD00831,BATCH001146,PLANT05,Process Deviation,Major,RC017,Closed,2024-01-23,2024-02-14
DEV001062,PROD00050,BATCH001408,PLANT03,Temperature Excursion,Major,RC011,Closed,2024-08-23,2024-09-23
DEV001063,PROD00312,BATCH001290,PLANT02,Labeling Error,Critical,RC006,Closed,2025-07-23,2025-08-14
DEV001064,PROD00494,BATCH001466,PLANT04,Process Deviation,Minor,RC002,Open,2024-08-05,
DEV001065,PROD00764,BATCH000742,PLANT02,Contamination,Major,RC012,Closed,2024-09-08,2024-09-27
DEV001066,PROD00894,BATCH000845,PLANT03,Labeling Error,Minor,RC022,Under Review,2023-10-07,
DEV001067,PROD00498,BATCH000745,PLANT05,Process Deviation,Major,RC015,Open,2025-07-29,
DEV001068,PROD00572,BATCH000941,PLANT05,Documentation Error,Major,RC002,Closed,2024-12-02,2025-01-12
DEV001069,PROD00391,BATCH000012,PLANT05,Process Deviation,Minor,RC024,Under Review,2024-08-08,
DEV001070,PROD00402,BATCH000366,PLANT02,Process Deviation,Minor,RC012,Under Review,2024-07-20,
DEV001071,PROD00605,BATCH000423,PLANT02,Labeling Error,Major,RC008,Closed,2024-12-12,2025-01-25
DEV001072,PROD00013,BATCH000491,PLANT05,Process Deviation,Major,RC022,Open,2025-05-29,
DEV001073,PROD00079,BATCH000253,PLANT02,Documentation Error,Minor,RC010,Under Review,2025-08-08,
DEV001074,PROD00432,BATCH000804,PLANT02,Documentation Error,Major,RC002,Under Review,2025-06-18,
DEV001075,PROD00137,BATCH001449,PLANT02,Out-of-Specification (OOS),Major,RC025,Closed,2024-08-02,2024-08-21
DEV001076,PROD00933,BATCH000839,PLANT01,Process Deviation,Minor,RC023,Closed,2024-04-28,2024-05-28
DEV001077,PROD00813,BATCH000812,PLANT05,Labeling Error,Major,RC018,Closed,2023-10-06,2023-11-13
DEV001078,PROD00158,BATCH000712,PLANT01,Labeling Error,Minor,RC006,Closed,2024-05-03,2024-05-22
DEV001079,PROD00860,BATCH000192,PLANT04,Equipment Malfunction,Minor,RC015,Closed,2024-02-09,2024-03-12
DEV001080,PROD00604,BATCH000035,PLANT03,Out-of-Specification (OOS),Critical,RC003,Closed,2024-10-21,2024-11-23
DEV001081,PROD00158,BATCH000648,PLANT01,Equipment Malfunction,Major,RC013,Under Review,2024-08-02,
DEV001082,PROD00492,BATCH001302,PLANT05,Contamination,Minor,RC016,Open,2023-04-01,
DEV001083,PROD00407,BATCH001485,PLANT04,Labeling Error,Minor,RC003,Closed,2025-05-01,2025-06-06
DEV001084,PROD00249,BATCH000310,PLANT04,Labeling Error,Critical,RC003,Open,2025-05-23,
DEV001085,PROD00634,BATCH001477,PLANT05,Contamination,Minor,RC025,Closed,2025-07-23,2025-08-02
DEV001086,PROD00600,BATCH000111,PLANT04,Labeling Error,Major,RC013,Closed,2025-06-27,2025-07-19
DEV001087,PROD00179,BATCH001399,PLANT04,Labeling Error,Major,RC024,Closed,2024-08-08,2024-09-13
DEV001088,PROD00308,BATCH000603,PLANT03,Documentation Error,Critical,RC003,Closed,2023-02-16,2023-03-16
DEV001089,PROD00542,BATCH000613,PLANT03,Temperature Excursion,Minor,RC021,Open,2024-03-01,
DEV001090,PROD00486,BATCH000474,PLANT03,Contamination,Minor,RC018,Closed,2024-02-27,2024-03-17
DEV001091,PROD00684,BATCH000209,PLANT02,Equipment Malfunction,Minor,RC015,Closed,2023-07-24,2023-08-25
DEV001092,PROD00448,BATCH000885,PLANT02,Labeling Error,Major,RC015,Closed,2023-02-17,2023-03-25
DEV001093,PROD00734,BATCH000320,PLANT01,Contamination,Minor,RC023,Open,2023-09-25,
DEV001094,PROD00948,BATCH000075,PLANT05,Documentation Error,Major,RC002,Closed,2024-12-07,2024-12-30
DEV001095,PROD00518,BATCH000492,PLANT01,Temperature Excursion,Major,RC008,Closed,2024-06-12,2024-06-27
DEV001096,PROD00082,BATCH000457,PLANT02,Temperature Excursion,Minor,RC010,Closed,2023-10-15,2023-11-08
DEV001097,PROD00593,BATCH000498,PLANT02,Equipment Malfunction,Minor,RC011,Closed,2023-05-25,2023-06-03
DEV001098,PROD00492,BATCH000669,PLANT05,Out-of-Specification (OOS),Minor,RC003,Under Review,2025-01-06,
DEV001099,PROD00285,BATCH001312,PLANT02,Process Deviation,Minor,RC015,Open,2023-02-11,
DEV001100,PROD00211,BATCH001339,PLANT01,Contamination,Major,RC014,Closed,2024-09-07,2024-09-10
DEV001101,PROD00005,BATCH001335,PLANT03,Labeling Error,Major,RC004,Closed,2023-10-18,2023-11-17
DEV001102,PROD00027,BATCH000230,PLANT05,Out-of-Specification (OOS),Minor,RC010,Open,2024-09-08,
DEV001103,PROD00873,BATCH001368,PLANT04,Documentation Error,Minor,RC010,Closed,2024-04-10,2024-04-25
DEV001104,PROD00139,BATCH000461,PLANT02,Out-of-Specification (OOS),Minor,RC012,Closed,2024-09-09,2024-09-12
DEV001105,PROD00398,BATCH000692,PLANT02,Out-of-Specification (OOS),Major,RC002,Closed,2023-04-01,2023-04-15
DEV001106,PROD00675,BATCH000314,PLANT03,Labeling Error,Minor,RC011,Closed,2023-07-07,2023-07-29
DEV001107,PROD00769,BATCH000104,PLANT03,Process Deviation,Major,RC020,Open,2024-04-15,
DEV001108,PROD00103,BATCH000551,PLANT01,Contamination,Minor,RC004,Closed,2023-04-21,2023-05-22
DEV001109,PROD00325,BATCH000713,PLANT03,Contamination,Minor,RC024,Open,2023-02-20,
DEV001110,PROD00104,BATCH000838,PLANT05,Documentation Error,Minor,RC009,Closed,2023-10-29,2023-11-13
DEV001111,PROD00568,BATCH001377,PLANT05,Contamination,Major,RC007,Closed,2024-04-12,2024-05-08
DEV001112,PROD00094,BATCH000579,PLANT02,Process Deviation,Minor,RC022,Under Review,2025-05-19,
DEV001113,PROD00892,BATCH000092,PLANT01,Documentation Error,Minor,RC010,Closed,2023-08-28,2023-09-27
DEV001114,PROD00168,BATCH001465,PLANT03,Process Deviation,Minor,RC004,Closed,2023-06-25,2023-07-17
DEV001115,PROD00560,BATCH000309,PLANT01,Out-of-Specification (OOS),Minor,RC014,Closed,2025-01-25,2025-02-09
DEV001116,PROD00282,BATCH000824,PLANT02,Documentation Error,Major,RC013,Closed,2024-08-20,2024-09-28
DEV001117,PROD00851,BATCH000521,PLANT02,Temperature Excursion,Minor,RC020,Closed,2024-01-26,2024-03-06
DEV001118,PROD00043,BATCH000027,PLANT01,Process Deviation,Major,RC009,Closed,2023-04-19,2023-04-27
DEV001119,PROD00184,BATCH001307,PLANT04,Labeling Error,Major,RC021,Closed,2025-02-06,2025-02-22
DEV001120,PROD00486,BATCH000212,PLANT03,Process Deviation,Major,RC018,Open,2023-01-15,
DEV001121,PROD00130,BATCH000102,PLANT03,Process Deviation,Major,RC017,Open,2023-08-04,
DEV001122,PROD00581,BATCH000687,PLANT04,Equipment Malfunction,Minor,RC001,Open,2025-05-27,
DEV001123,PROD00617,BATCH000024,PLANT03,Process Deviation,Minor,RC019,Closed,2025-06-30,2025-08-09
DEV001124,PROD00339,BATCH001155,PLANT04,Equipment Malfunction,Minor,RC001,Under Review,2024-02-16,
DEV001125,PROD00306,BATCH000466,PLANT02,Labeling Error,Critical,RC020,Under Review,2024-08-28,
DEV001126,PROD00770,BATCH000077,PLANT04,Contamination,Critical,RC003,Under Review,2025-08-15,
DEV001127,PROD00590,BATCH000683,PLANT05,Labeling Error,Major,RC013,Closed,2025-04-26,2025-05-02
DEV001128,PROD00699,BATCH000554,PLANT04,Documentation Error,Minor,RC024,Open,2023-01-09,
DEV001129,PROD00408,BATCH001165,PLANT01,Temperature Excursion,Major,RC023,Open,2023-06-12,
DEV001130,PROD00087,BATCH000245,PLANT03,Process Deviation,Minor,RC023,Under Review,2024-01-28,
DEV001131,PROD00817,BATCH000708,PLANT05,Out-of-Specification (OOS),Critical,RC007,Open,2023-04-08,
DEV001132,PROD00242,BATCH000313,PLANT01,Contamination,Minor,RC006,Closed,2024-06-17,2024-07-12
DEV001133,PROD00941,BATCH000635,PLANT02,Equipment Malfunction,Critical,RC012,Closed,2025-02-24,2025-03-05
DEV001134,PROD00924,BATCH001168,PLANT01,Labeling Error,Major,RC021,Closed,2023-01-22,2023-03-05
DEV001135,PROD00158,BATCH001223,PLANT01,Equipment Malfunction,Major,RC016,Open,2024-06-20,
DEV001136,PROD00128,BATCH000071,PLANT01,Process Deviation,Minor,RC020,Closed,2025-04-23,2025-05-02
DEV001137,PROD00103,BATCH001373,PLANT01,Out-of-Specification (OOS),Minor,RC013,Open,2023-05-30,
DEV001138,PROD00164,BATCH000990,PLANT01,Labeling Error,Minor,RC023,Open,2023-10-20,
DEV001139,PROD00778,BATCH000480,PLANT05,Out-of-Specification (OOS),Major,RC019,Open,2023-12-28,
DEV001140,PROD00032,BATCH000036,PLANT02,Out-of-Specification (OOS),Minor,RC019,Closed,2024-12-24,2025-01-09
DEV001141,PROD00608,BATCH000766,PLANT04,Equipment Malfunction,Minor,RC017,Under Review,2025-07-03,
DEV001142,PROD00646,BATCH001093,PLANT03,Equipment Malfunction,Minor,RC022,Open,2023-07-10,
DEV001143,PROD00096,BATCH000221,PLANT05,Contamination,Minor,RC013,Under Review,2023-09-29,
DEV001144,PROD00333,BATCH000200,PLANT05,Temperature Excursion,Major,RC007,Closed,2025-06-03,2025-06-25
DEV001145,PROD00844,BATCH000817,PLANT04,Contamination,Minor,RC002,Closed,2023-12-15,2024-01-25
DEV001146,PROD00417,BATCH000594,PLANT01,Contamination,Minor,RC004,Under Review,2024-02-10,
DEV001147,PROD00588,BATCH000098,PLANT01,Out-of-Specification (OOS),Major,RC001,Closed,2024-04-25,2024-05-10
DEV001148,PROD00602,BATCH001199,PLANT01,Contamination,Major,RC010,Closed,2025-03-07,2025-04-01
DEV001149,PROD00611,BATCH001144,PLANT04,Process Deviation,Minor,RC018,Under Review,2023-02-23,
DEV001150,PROD00418,BATCH000451,PLANT03,Out-of-Specification (OOS),Critical,RC001,Under Review,2023-12-27,
DEV001151,PROD00740,BATCH001012,PLANT05,Contamination,Minor,RC014,Under Review,2023-05-18,
DEV001152,PROD00505,BATCH000180,PLANT01,Temperature Excursion,Minor,RC004,Closed,2023-09-07,2023-10-01
DEV001153,PROD00122,BATCH000932,PLANT05,Documentation Error,Major,RC002,Closed,2024-02-27,2024-03-14
DEV001154,PROD00343,BATCH000575,PLANT04,Labeling Error,Major,RC025,Under Review,2024-07-31,
DEV001155,PROD00517,BATCH001474,PLANT05,Temperature Excursion,Minor,RC021,Under Review,2023-08-02,
DEV001156,PROD00815,BATCH000895,PLANT02,Process Deviation,Minor,RC001,Closed,2023-12-20,2024-01-04
DEV001157,PROD00071,BATCH000157,PLANT01,Equipment Malfunction,Major,RC025,Closed,2023-06-12,2023-07-22
DEV001158,PROD00502,BATCH000487,PLANT01,Process Deviation,Major,RC012,Closed,2023-02-10,2023-02-14
DEV001159,PROD00093,BATCH000836,PLANT03,Process Deviation,Critical,RC011,Open,2024-10-14,
DEV001160,PROD00352,BATCH000144,PLANT02,Process Deviation,Major,RC002,Closed,2024-01-27,2024-02-23
DEV001161,PROD00543,BATCH000191,PLANT03,Process Deviation,Minor,RC019,Closed,2024-08-29,2024-09-13
DEV001162,PROD00436,BATCH000216,PLANT02,Out-of-Specification (OOS),Minor,RC022,Open,2024-09-19,
DEV001163,PROD00200,BATCH001394,PLANT04,Temperature Excursion,Major,RC018,Closed,2025-01-19,2025-01-31
DEV001164,PROD00428,BATCH000061,PLANT04,Out-of-Specification (OOS),Minor,RC023,Closed,2024-08-09,2024-09-13
DEV001165,PROD00439,BATCH001467,PLANT04,Contamination,Minor,RC015,Open,2024-05-21,
DEV001166,PROD00626,BATCH001075,PLANT05,Documentation Error,Minor,RC018,Closed,2023-07-04,2023-07-12
DEV001167,PROD00827,BATCH000279,PLANT03,Labeling Error,Minor,RC012,Closed,2023-11-08,2023-12-22
DEV001168,PROD00825,BATCH001197,PLANT05,Temperature Excursion,Minor,RC018,Closed,2024-11-14,2024-12-16
DEV001169,PROD00766,BATCH001350,PLANT05,Equipment Malfunction,Major,RC012,Closed,2025-06-18,2025-07-07
DEV001170,PROD00525,BATCH000602,PLANT04,Temperature Excursion,Minor,RC002,Open,2024-01-16,
DEV001171,PROD00822,BATCH000151,PLANT02,Labeling Error,Major,RC013,Closed,2024-07-06,2024-07-24
DEV001172,PROD00463,BATCH000404,PLANT03,Equipment Malfunction,Minor,RC009,Closed,2024-03-10,2024-03-15
DEV001173,PROD00416,BATCH000771,PLANT03,Labeling Error,Major,RC024,Closed,2023-03-28,2023-04-19
DEV001174,PROD00643,BATCH000364,PLANT02,Temperature Excursion,Minor,RC004,Closed,2024-05-14,2024-06-28
DEV001175,PROD00464,BATCH000274,PLANT05,Process Deviation,Minor,RC011,Under Review,2024-08-21,
DEV001176,PROD00491,BATCH000566,PLANT03,Labeling Error,Major,RC005,Closed,2023-10-04,2023-10-22
DEV001177,PROD00479,BATCH001471,PLANT02,Equipment Malfunction,Minor,RC004,Closed,2025-08-03,2025-09-02
DEV001178,PROD00533,BATCH000282,PLANT01,Process Deviation,Minor,RC003,Closed,2023-08-18,2023-09-26
DEV001179,PROD00498,BATCH000532,PLANT05,Documentation Error,Minor,RC005,Closed,2024-10-30,2024-12-14
DEV001180,PROD00518,BATCH000246,PLANT01,Out-of-Specification (OOS),Minor,RC004,Closed,2025-03-11,2025-04-14
DEV001181,PROD00701,BATCH000379,PLANT05,Temperature Excursion,Minor,RC008,Under Review,2024-12-14,
DEV001182,PROD00522,BATCH001453,PLANT04,Process Deviation,Minor,RC011,Closed,2024-10-19,2024-10-24
DEV001183,PROD00307,BATCH000123,PLANT02,Contamination,Major,RC005,Under Review,2023-09-10,
DEV001184,PROD00963,BATCH001119,PLANT02,Labeling Error,Major,RC017,Closed,2025-08-04,2025-09-02
DEV001185,PROD00907,BATCH000671,PLANT02,Out-of-Specification (OOS),Major,RC001,Under Review,2024-03-08,
DEV001186,PROD00404,BATCH000380,PLANT04,Labeling Error,Minor,RC023,Open,2025-03-30,
DEV001187,PROD00937,BATCH000714,PLANT05,Contamination,Major,RC013,Open,2025-01-13,
DEV001188,PROD00780,BATCH000890,PLANT03,Labeling Error,Critical,RC021,Under Review,2023-01-08,
DEV001189,PROD00587,BATCH000825,PLANT05,Documentation Error,Minor,RC024,Under Review,2025-05-23,
DEV001190,PROD00085,BATCH001277,PLANT04,Contamination,Minor,RC004,Closed,2024-05-24,2024-06-08
DEV001191,PROD00818,BATCH001304,PLANT02,Contamination,Major,RC006,Closed,2023-03-28,2023-04-18
DEV001192,PROD00687,BATCH000409,PLANT04,Contamination,Minor,RC020,Open,2024-04-12,
DEV001193,PROD00373,BATCH001364,PLANT02,Documentation Error,Minor,RC024,Open,2024-05-24,
DEV001194,PROD00293,BATCH001423,PLANT04,Temperature Excursion,Major,RC012,Closed,2024-09-22,2024-09-25
DEV001195,PROD00025,BATCH000879,PLANT02,Documentation Error,Minor,RC003,Closed,2023-05-20,2023-06-09
DEV001196,PROD00899,BATCH001437,PLANT01,Documentation Error,Minor,RC015,Closed,2025-06-12,2025-07-10
DEV001197,PROD00785,BATCH000540,PLANT03,Labeling Error,Minor,RC006,Closed,2024-03-07,2024-03-11
DEV001198,PROD00301,BATCH001098,PLANT05,Equipment Malfunction,Major,RC012,Closed,2024-01-28,2024-02-07
DEV001199,PROD00407,BATCH000003,PLANT04,Temperature Excursion,Major,RC019,Open,2023-06-14,
DEV001200,PROD00828,BATCH000873,PLANT04,Temperature Excursion,Minor,RC003,Closed,2024-05-10,2024-05-18
